,FAOoriginalItem_fromWebsite,new_FAOoriginalItem_fromWebsite,Item,FAOaggregatedItem_fromWebsite,ProductionItem,FoodBalanceItem,newFoodBalanceItem,k,k_ICP,comment
1,564|Wine,564|Wine,Wine,2655|Wine,564|Wine,2655|Wine,2655|Wine,alcohol,alcohol,
2,51|Beer of barley,"51|Beer of barley, malted",Beer of barley,2656|Beer,51|Beer of barley,2656|Beer,2656|Beer,alcohol,alcohol,
3,"26|Beverages, fermented wheat",,"Beverages, fermented wheat","2657|Beverages, Fermented",,"2657|Beverages, Fermented","2657|Beverages, Fermented",alcohol,alcohol,
4,"39|Beverages, fermented rice",39|Rice-fermented beverages,"Beverages, fermented rice","2657|Beverages, Fermented",,"2657|Beverages, Fermented","2657|Beverages, Fermented",alcohol,alcohol,
5,517|Cider etc,517|Cider and other fermented beverages,Cider etc,"2657|Beverages, Fermented",,"2657|Beverages, Fermented","2657|Beverages, Fermented",alcohol,alcohol,
6,66|Beer of maize,,Beer of maize,"2657|Beverages, Fermented",,"2657|Beverages, Fermented","2657|Beverages, Fermented",alcohol,alcohol,
7,82|Beer of millet,,Beer of millet,"2657|Beverages, Fermented",,"2657|Beverages, Fermented","2657|Beverages, Fermented",alcohol,alcohol,
8,86|Beer of sorghum,,Beer of sorghum,"2657|Beverages, Fermented",,"2657|Beverages, Fermented","2657|Beverages, Fermented",alcohol,alcohol,
9,"634|Beverages, distilled alcoholic","634|Undenatured ethyl alcohol of an alcoholic strength by volume of less than 80% vol; spirits, liqueurs and other spirituous beverages","Beverages, distilled alcoholic","2658|Beverages, Alcoholic",,"2658|Beverages, Alcoholic","2658|Beverages, Alcoholic",alcohol,alcohol,
10,632|Alcohol non food,,Alcohol non food,"2659|Alcohol, Non-Food",,"2659|Alcohol, Non-Food","2659|Alcohol, Non-Food",alcohol,alcohol,
11,,,,2600|Brans,,2600|Brans,2600|Brans,brans,brans,
12,125|Cassava,"125|Cassava, fresh",Cassava,2532|Cassava and products,125|Cassava,2532|Cassava and products,2532|Cassava and products,cassav_sp,cassav_sp,
13,122|Sweet potatoes,122|Sweet potatoes,Sweet potatoes,2533|Sweet potatoes,122|Sweet potatoes,2533|Sweet potatoes,2533|Sweet potatoes,cassav_sp,cassav_sp,
14,135|Yautia (cocoyam),,Yautia (cocoyam),"2534|Roots, Other",135|Yautia (cocoyam),"2534|Roots, Other","2534|Roots, Other",cassav_sp,cassav_sp,
15,136|Taro (cocoyam),,Taro (cocoyam),"2534|Roots, Other",136|Taro (cocoyam),"2534|Roots, Other","2534|Roots, Other",cassav_sp,cassav_sp,
16,"149|Roots and tubers, nes","149|Edible roots and tubers with high starch or inulin content, n.e.c., fresh","Roots and tubers, nes","2534|Roots, Other","149|Roots and tubers, nes","2534|Roots, Other","2534|Roots, Other",cassav_sp,cassav_sp,
17,"149|Roots and tubers, nes","149|Edible roots and tubers with high starch or inulin content, n.e.c., fresh","Roots and tubers, nes","2534|Roots, Other",149|Roots and tubers nes,"2534|Roots, Other","2534|Roots, Other",cassav_sp,cassav_sp,
18,137|Yams,,Yams,2535|Yams,137|Yams,2535|Yams,2535|Yams,cassav_sp,cassav_sp,
19,329|Cottonseed,329|Cotton seed,Cottonseed,2559|Cottonseed,329|Cottonseed,2559|Cottonseed,2559|Cottonseed,cottn_pro,cottn_pro,"used for extracting oil, no area information"
20,,,,,,X002|Distillers_grain,X002|Distillers_grain,distillers_grain,distillers_grain,
21,,,,,,X004|Brewers_grain,X004|Brewers_grain,distillers_grain,distillers_grain,
22,,,,,,X001|Ethanol,X001|Ethanol,ethanol,ethanol,
23,,,,2661|Cotton lint,767|Cotton lint,2661|Cotton lint,2661|Cotton lint,fibres,fibres,no area information
24,,,,2662|Jute,780|Jute,2662|Jute,2662|Jute,remaining,remaining,
25,,,,2663|Jute-Like Fibres,"782|Bastfibres, other",2663|Jute-Like Fibres,2663|Jute-Like Fibres,remaining,remaining,
26,,,,"2664|Soft-Fibres, Other",,"2664|Soft-Fibres, Other","2664|Soft-Fibres, Other",remaining,remaining,
27,,,,2665|Sisal,789|Sisal,2665|Sisal,2665|Sisal,remaining,remaining,
28,,,,2666|Abaca,809|Manila fibre (abaca),2666|Abaca,2666|Abaca,remaining,remaining,
29,,,,"2667|Hard Fibres, Other",,"2667|Hard Fibres, Other","2667|Hard Fibres, Other",remaining,remaining,
30,1501|Frwtr Diad F,,Frwtr Diad F,2761|Freshwater Fish,,2761|Freshwater Fish,2761|Freshwater Fish,fish,fish,
31,1502|Frwtr Fz Whl,,Frwtr Fz Whl,2761|Freshwater Fish,,2761|Freshwater Fish,2761|Freshwater Fish,fish,fish,
32,1503|Frwtr Fillet,,Frwtr Fillet,2761|Freshwater Fish,,2761|Freshwater Fish,2761|Freshwater Fish,fish,fish,
33,1504|Frwtr Fz Flt,,Frwtr Fz Flt,2761|Freshwater Fish,,2761|Freshwater Fish,2761|Freshwater Fish,fish,fish,
34,1505|Frwtr Cured,,Frwtr Cured,2761|Freshwater Fish,,2761|Freshwater Fish,2761|Freshwater Fish,fish,fish,
35,1506|Frwtr Canned,,Frwtr Canned,2761|Freshwater Fish,,2761|Freshwater Fish,2761|Freshwater Fish,fish,fish,
36,1507|Frwtr Pr nes,,Frwtr Pr nes,2761|Freshwater Fish,,2761|Freshwater Fish,2761|Freshwater Fish,fish,fish,
37,1508|Frwtr Meals,,Frwtr Meals,2761|Freshwater Fish,,2761|Freshwater Fish,2761|Freshwater Fish,fish,fish,
38,1514|Dmrsl Fresh,,Dmrsl Fresh,2762|Demersal Fish,,2762|Demersal Fish,2762|Demersal Fish,fish,fish,
39,1515|Dmrsl Fz Whl,,Dmrsl Fz Whl,2762|Demersal Fish,,2762|Demersal Fish,2762|Demersal Fish,fish,fish,
40,1516|Dmrsl Fillet,,Dmrsl Fillet,2762|Demersal Fish,,2762|Demersal Fish,2762|Demersal Fish,fish,fish,
41,1517|Dmrsl Fz Flt,,Dmrsl Fz Flt,2762|Demersal Fish,,2762|Demersal Fish,2762|Demersal Fish,fish,fish,
42,1518|Dmrsl Cured,,Dmrsl Cured,2762|Demersal Fish,,2762|Demersal Fish,2762|Demersal Fish,fish,fish,
43,1519|Dmrsl Canned,,Dmrsl Canned,2762|Demersal Fish,,2762|Demersal Fish,2762|Demersal Fish,fish,fish,
44,1520|Dmrsl Pr nes,,Dmrsl Pr nes,2762|Demersal Fish,,2762|Demersal Fish,2762|Demersal Fish,fish,fish,
45,1521|Dmrsl Meals,,Dmrsl Meals,2762|Demersal Fish,,2762|Demersal Fish,2762|Demersal Fish,fish,fish,
46,1527|Pelagic Frsh,,Pelagic Frsh,2763|Pelagic Fish,,2763|Pelagic Fish,2763|Pelagic Fish,fish,fish,
47,1528|Pelgc Fz Whl,,Pelgc Fz Whl,2763|Pelagic Fish,,2763|Pelagic Fish,2763|Pelagic Fish,fish,fish,
48,1529|Pelgc Fillet,,Pelgc Fillet,2763|Pelagic Fish,,2763|Pelagic Fish,2763|Pelagic Fish,fish,fish,
49,1530|Pelgc Fz Flt,,Pelgc Fz Flt,2763|Pelagic Fish,,2763|Pelagic Fish,2763|Pelagic Fish,fish,fish,
50,1531|Pelgc Cured,,Pelgc Cured,2763|Pelagic Fish,,2763|Pelagic Fish,2763|Pelagic Fish,fish,fish,
51,1532|Pelgc Canned,,Pelgc Canned,2763|Pelagic Fish,,2763|Pelagic Fish,2763|Pelagic Fish,fish,fish,
52,1533|Pelgc Pr nes,,Pelgc Pr nes,2763|Pelagic Fish,,2763|Pelagic Fish,2763|Pelagic Fish,fish,fish,
53,1534|Pelgc Meals,,Pelgc Meals,2763|Pelagic Fish,,2763|Pelagic Fish,2763|Pelagic Fish,fish,fish,
54,1540|Marine nes F,,Marine nes F,"2764|Marine Fish, Other",,"2764|Marine Fish, Other","2764|Marine Fish, Other",fish,fish,
55,1541|Marin Fz Whl,,Marin Fz Whl,"2764|Marine Fish, Other",,"2764|Marine Fish, Other","2764|Marine Fish, Other",fish,fish,
56,1542|Marin Fillet,,Marin Fillet,"2764|Marine Fish, Other",,"2764|Marine Fish, Other","2764|Marine Fish, Other",fish,fish,
57,1543|Marin Fz Flt,,Marin Fz Flt,"2764|Marine Fish, Other",,"2764|Marine Fish, Other","2764|Marine Fish, Other",fish,fish,
58,1544|Marin Cured,,Marin Cured,"2764|Marine Fish, Other",,"2764|Marine Fish, Other","2764|Marine Fish, Other",fish,fish,
59,1545|Marin Canned,,Marin Canned,"2764|Marine Fish, Other",,"2764|Marine Fish, Other","2764|Marine Fish, Other",fish,fish,
60,1546|Marin Pr nes,,Marin Pr nes,"2764|Marine Fish, Other",,"2764|Marine Fish, Other","2764|Marine Fish, Other",fish,fish,
61,1547|Marin Meals,,Marin Meals,"2764|Marine Fish, Other",,"2764|Marine Fish, Other","2764|Marine Fish, Other",fish,fish,
62,1553|Crstaceans F,,Crstaceans F,2765|Crustaceans,,2765|Crustaceans,2765|Crustaceans,fish,fish,
63,1554|Crstc Frozen,,Crstc Frozen,2765|Crustaceans,,2765|Crustaceans,2765|Crustaceans,fish,fish,
64,1555|Crstc Cured,,Crstc Cured,2765|Crustaceans,,2765|Crustaceans,2765|Crustaceans,fish,fish,
65,1556|Crstc Canned,,Crstc Canned,2765|Crustaceans,,2765|Crustaceans,2765|Crustaceans,fish,fish,
66,1557|Crstc Pr nes,,Crstc Pr nes,2765|Crustaceans,,2765|Crustaceans,2765|Crustaceans,fish,fish,
67,1558|Crstc Meals,,Crstc Meals,2765|Crustaceans,,2765|Crustaceans,2765|Crustaceans,fish,fish,
68,1570|Cephlp Fresh,,Cephlp Fresh,2766|Cephalopods,,2766|Cephalopods,2766|Cephalopods,fish,fish,
69,1571|Cphlp Frozen,,Cphlp Frozen,2766|Cephalopods,,2766|Cephalopods,2766|Cephalopods,fish,fish,
70,1572|Cphlp Cured,,Cphlp Cured,2766|Cephalopods,,2766|Cephalopods,2766|Cephalopods,fish,fish,
71,1573|Cphlp Canned,,Cphlp Canned,2766|Cephalopods,,2766|Cephalopods,2766|Cephalopods,fish,fish,
72,1574|Cphlp Pr nes,,Cphlp Pr nes,2766|Cephalopods,,2766|Cephalopods,2766|Cephalopods,fish,fish,
73,1575|Cphlp Meals,,Cphlp Meals,2766|Cephalopods,,2766|Cephalopods,2766|Cephalopods,fish,fish,
74,1562|Mlluscs Frsh,,Mlluscs Frsh,"2767|Molluscs, Other",,"2767|Molluscs, Other","2767|Molluscs, Other",fish,fish,
75,1563|Molsc Frozen,,Molsc Frozen,"2767|Molluscs, Other",,"2767|Molluscs, Other","2767|Molluscs, Other",fish,fish,
76,1564|Molsc Cured,,Molsc Cured,"2767|Molluscs, Other",,"2767|Molluscs, Other","2767|Molluscs, Other",fish,fish,
77,1565|Molsc Canned,,Molsc Canned,"2767|Molluscs, Other",,"2767|Molluscs, Other","2767|Molluscs, Other",fish,fish,
78,1566|Molsc Meals,,Molsc Meals,"2767|Molluscs, Other",,"2767|Molluscs, Other","2767|Molluscs, Other",fish,fish,
79,1580|Aq M Meat,,Aq M Meat,"2768|Meat, Aquatic Mammals",,"2768|Meat, Aquatic Mammals","2768|Meat, Aquatic Mammals",fish,fish,
80,1583|Aq M Prep Ns,,Aq M Prep Ns,"2768|Meat, Aquatic Mammals",,"2768|Meat, Aquatic Mammals","2768|Meat, Aquatic Mammals",fish,fish,
81,1587|Aqutc Anim F,,Aqutc Anim F,"2769|Aquatic Animals, Others",,"2769|Aquatic Animals, Others","2769|Aquatic Animals, Others",fish,fish,
82,1588|Aq A Cured,,Aq A Cured,"2769|Aquatic Animals, Others",,"2769|Aquatic Animals, Others","2769|Aquatic Animals, Others",fish,fish,
83,1589|Aquatic Animals Meals,,Aquatic Animals Meals,"2769|Aquatic Animals, Others",,"2769|Aquatic Animals, Others","2769|Aquatic Animals, Others",fish,fish,
84,1590|Aq A Prep Ns,,Aq A Prep Ns,"2769|Aquatic Animals, Others",,"2769|Aquatic Animals, Others","2769|Aquatic Animals, Others",fish,fish,
85,1509|Frwt Bdy Oil,,Frwt Bdy Oil,"2781|Fish, Body Oil",,"2781|Fish, Body Oil","2781|Fish, Body Oil",fish,fish,
86,1522|Dmrs Bdy Oil,,Dmrs Bdy Oil,"2781|Fish, Body Oil",,"2781|Fish, Body Oil","2781|Fish, Body Oil",fish,fish,
87,1535|Pelg Bdy Oil,,Pelg Bdy Oil,"2781|Fish, Body Oil",,"2781|Fish, Body Oil","2781|Fish, Body Oil",fish,fish,
88,1548|Marn Bdy Oil,,Marn Bdy Oil,"2781|Fish, Body Oil",,"2781|Fish, Body Oil","2781|Fish, Body Oil",fish,fish,
89,1582|Aq M Oils,,Aq M Oils,"2781|Fish, Body Oil",,"2781|Fish, Body Oil","2781|Fish, Body Oil",fish,fish,
90,1510|Frwt Lvr Oil,,Frwt Lvr Oil,"2782|Fish, Liver Oil",,"2782|Fish, Liver Oil","2782|Fish, Liver Oil",fish,fish,
91,1523|Demersal Liver Oils,,Demersal Liver Oils,"2782|Fish, Liver Oil",,"2782|Fish, Liver Oil","2782|Fish, Liver Oil",fish,fish,
92,1536|Pelg Lvr Oil,,Pelg Lvr Oil,"2782|Fish, Liver Oil",,"2782|Fish, Liver Oil","2782|Fish, Liver Oil",fish,fish,
93,1549|Marine nes Liver Oils,,Marine nes Liver Oils,"2782|Fish, Liver Oil",,"2782|Fish, Liver Oil","2782|Fish, Liver Oil",fish,fish,
94,,,,2855|Fish Meal,,2855|Fish Meal,2855|Fish Meal,fish,fish,
95,,,,,"636|Forage and silage, maize",X005|Fodder_and_forage,X005|Fodder_and_forage,foddr,foddr,
96,,,,,"637|Forage and silage, sorghum",X005|Fodder_and_forage,X005|Fodder_and_forage,foddr,foddr,
97,,,,,"638|Forage and silage, rye grass",X005|Fodder_and_forage,X005|Fodder_and_forage,foddr,foddr,
98,,,,,"639|Forage and silage, grasses nes",X005|Fodder_and_forage,X005|Fodder_and_forage,foddr,foddr,
99,,,,,"640|Forage and silage, clover",X005|Fodder_and_forage,X005|Fodder_and_forage,foddr,foddr,
100,,,,,"641|Forage and silage, alfalfa",X005|Fodder_and_forage,X005|Fodder_and_forage,foddr,foddr,
101,,,,,"642|Forage and silage, green oilseeds",X005|Fodder_and_forage,X005|Fodder_and_forage,foddr,foddr,
102,,,,,"643|Forage and silage, legumes",X005|Fodder_and_forage,X005|Fodder_and_forage,foddr,foddr,
103,,,,,644|Cabbage for fodder,X005|Fodder_and_forage,X005|Fodder_and_forage,foddr,foddr,
104,,,,,645|Pumpkins for Fodder,X005|Fodder_and_forage,X005|Fodder_and_forage,foddr,foddr,
105,,,,,646|Turnips for fodder,X005|Fodder_and_forage,X005|Fodder_and_forage,foddr,foddr,
106,,,,,647|Beets for fodder,X005|Fodder_and_forage,X005|Fodder_and_forage,foddr,foddr,
107,,,,,648|Carrots for fodder,X005|Fodder_and_forage,X005|Fodder_and_forage,foddr,foddr,
108,,,,,649|Swedes for fodder,X005|Fodder_and_forage,X005|Fodder_and_forage,foddr,foddr,
109,,,,,651|Forage products,X005|Fodder_and_forage,X005|Fodder_and_forage,foddr,foddr,
110,,,,,655|Vegetables and roots fodder,X005|Fodder_and_forage,X005|Fodder_and_forage,foddr,foddr,
111,,,,2820|Groundnuts (in Shell Eq),"242|Groundnuts, with shell",2820|Groundnuts (in Shell Eq),2820|Groundnuts (in Shell Eq),groundnut,groundnut,
,,,,,,,2552|Groundnuts,groundnut,groundnut,only existing in new FBS
112,"1058|Meat, chicken","1058|Meat of chickens, fresh or chilled","Meat, chicken",2734|Poultry Meat,"1058|Meat, chicken",2734|Poultry Meat,2734|Poultry Meat,livst_chick,livst_chick,
113,"1069|Meat, duck","1069|Meat of ducks, fresh or chilled","Meat, duck",2734|Poultry Meat,"1069|Meat, duck",2734|Poultry Meat,2734|Poultry Meat,livst_chick,livst_chick,
114,"1073|Meat, goose and guinea fowl","1073|Meat of geese, fresh or chilled","Meat, goose and guinea fowl",2734|Poultry Meat,"1073|Meat, goose and guinea fowl",2734|Poultry Meat,2734|Poultry Meat,livst_chick,livst_chick,
115,"1080|Meat, turkey","1080|Meat of turkeys, fresh or chilled","Meat, turkey",2734|Poultry Meat,"1080|Meat, turkey",2734|Poultry Meat,2734|Poultry Meat,livst_chick,livst_chick,
116,"1062|Eggs, hen, in shell","1062|Hen eggs in shell, fresh","Eggs, hen, in shell",2744|Eggs,"1062|Eggs, hen, in shell",2744|Eggs,2744|Eggs,livst_egg,livst_egg,
117,"1091|Eggs, other bird, in shell","1091|Eggs from other birds in shell, fresh, n.e.c.","Eggs, other bird, in shell",2744|Eggs,"1091|Eggs, other bird, in shell",2744|Eggs,2744|Eggs,livst_egg,livst_egg,
118,"886|Butter, cow milk",886|Butter of cow milk,"Butter, cow milk","2740|Butter, Ghee","886|Butter, cow milk","2740|Butter, Ghee","2740|Butter, Ghee",livst_milk,livst_milk,
119,"887|Ghee, butteroil of cow milk",,"Ghee, butteroil of cow milk","2740|Butter, Ghee","887|Ghee, butteroil of cow milk","2740|Butter, Ghee","2740|Butter, Ghee",livst_milk,livst_milk,
120,"952|Butter, buffalo milk",,"Butter, buffalo milk","2740|Butter, Ghee","952|Butter, buffalo milk","2740|Butter, Ghee","2740|Butter, Ghee",livst_milk,livst_milk,
121,"953|Ghee, of buffalo milk",953|Ghee from buffalo milk,"Ghee, of buffalo milk","2740|Butter, Ghee","953|Ghee, of buffalo milk","2740|Butter, Ghee","2740|Butter, Ghee",livst_milk,livst_milk,
122,"983|Butter and ghee, sheep milk",,"Butter and ghee, sheep milk","2740|Butter, Ghee","983|Butter and ghee, sheep milk","2740|Butter, Ghee","2740|Butter, Ghee",livst_milk,livst_milk,
123,885|Cream fresh,"885|Cream, fresh",Cream fresh,2743|Cream,885|Cream fresh,2743|Cream,2743|Cream,livst_milk,livst_milk,
124,"1020|Milk, whole fresh goat",,"Milk, whole fresh goat",2848|Milk - Excluding Butter,"1020|Milk, whole fresh goat",2848|Milk - Excluding Butter,2848|Milk - Excluding Butter,livst_milk,livst_milk,
125,1021|Cheese of goat mlk,,Cheese of goat mlk,2848|Milk - Excluding Butter,1021|Cheese of goat mlk,2848|Milk - Excluding Butter,2848|Milk - Excluding Butter,livst_milk,livst_milk,
126,"1130|Milk, whole fresh camel",,"Milk, whole fresh camel",2848|Milk - Excluding Butter,"1130|Milk, whole fresh camel",2848|Milk - Excluding Butter,2848|Milk - Excluding Butter,livst_milk,livst_milk,
127,"882|Milk, whole fresh cow",882|Raw milk of cattle,"Milk, whole fresh cow",2848|Milk - Excluding Butter,"882|Milk, whole fresh cow",2848|Milk - Excluding Butter,2848|Milk - Excluding Butter,livst_milk,livst_milk,
128,"888|Milk, skimmed cow",888|Skim milk of cows,"Milk, skimmed cow",2848|Milk - Excluding Butter,"888|Milk, skimmed cow",2848|Milk - Excluding Butter,2848|Milk - Excluding Butter,livst_milk,livst_milk,
129,"889|Milk, whole condensed","889|Whole milk, condensed","Milk, whole condensed",2848|Milk - Excluding Butter,"889|Milk, whole condensed",2848|Milk - Excluding Butter,2848|Milk - Excluding Butter,livst_milk,livst_milk,
130,"890|Whey, condensed","890|Whey, condensed","Whey, condensed",2848|Milk - Excluding Butter,"890|Whey, condensed",2848|Milk - Excluding Butter,2848|Milk - Excluding Butter,livst_milk,livst_milk,
131,891|Yoghurt,891|Yoghurt,Yoghurt,2848|Milk - Excluding Butter,891|Yoghurt,2848|Milk - Excluding Butter,2848|Milk - Excluding Butter,livst_milk,livst_milk,
132,"894|Milk, whole evaporated","894|Whole milk, evaporated","Milk, whole evaporated",2848|Milk - Excluding Butter,"894|Milk, whole evaporated",2848|Milk - Excluding Butter,2848|Milk - Excluding Butter,livst_milk,livst_milk,
133,"895|Milk, skimmed evaporated",,"Milk, skimmed evaporated",2848|Milk - Excluding Butter,"895|Milk, skimmed evaporated",2848|Milk - Excluding Butter,2848|Milk - Excluding Butter,livst_milk,livst_milk,
134,"896|Milk, skimmed condensed",,"Milk, skimmed condensed",2848|Milk - Excluding Butter,"896|Milk, skimmed condensed",2848|Milk - Excluding Butter,2848|Milk - Excluding Butter,livst_milk,livst_milk,
135,"897|Milk, whole dried",897|Whole milk powder,"Milk, whole dried",2848|Milk - Excluding Butter,"897|Milk, whole dried",2848|Milk - Excluding Butter,2848|Milk - Excluding Butter,livst_milk,livst_milk,
136,"898|Milk, skimmed dried",898|Skim milk and whey powder,"Milk, skimmed dried",2848|Milk - Excluding Butter,"898|Milk, skimmed dried",2848|Milk - Excluding Butter,2848|Milk - Excluding Butter,livst_milk,livst_milk,
137,"899|Milk, dry buttermilk",,"Milk, dry buttermilk",2848|Milk - Excluding Butter,"899|Milk, dry buttermilk",2848|Milk - Excluding Butter,2848|Milk - Excluding Butter,livst_milk,livst_milk,
138,"900|Whey, dry","900|Whey, dry","Whey, dry",2848|Milk - Excluding Butter,"900|Whey, dry",2848|Milk - Excluding Butter,2848|Milk - Excluding Butter,livst_milk,livst_milk,
139,"901|Cheese, whole cow milk",901|Cheese from whole cow milk,"Cheese, whole cow milk",2848|Milk - Excluding Butter,"901|Cheese, whole cow milk",2848|Milk - Excluding Butter,2848|Milk - Excluding Butter,livst_milk,livst_milk,
140,"904|Cheese, skimmed cow milk",,"Cheese, skimmed cow milk",2848|Milk - Excluding Butter,"904|Cheese, skimmed cow milk",2848|Milk - Excluding Butter,2848|Milk - Excluding Butter,livst_milk,livst_milk,
141,"951|Milk, whole fresh buffalo",,"Milk, whole fresh buffalo",2848|Milk - Excluding Butter,"951|Milk, whole fresh buffalo",2848|Milk - Excluding Butter,2848|Milk - Excluding Butter,livst_milk,livst_milk,
142,"955|Cheese, buffalo milk",,"Cheese, buffalo milk",2848|Milk - Excluding Butter,"955|Cheese, buffalo milk",2848|Milk - Excluding Butter,2848|Milk - Excluding Butter,livst_milk,livst_milk,
143,"982|Milk, whole fresh sheep",982|Raw milk of sheep,"Milk, whole fresh sheep",2848|Milk - Excluding Butter,"982|Milk, whole fresh sheep",2848|Milk - Excluding Butter,2848|Milk - Excluding Butter,livst_milk,livst_milk,
144,"984|Cheese, sheep milk","984|Cheese from milk of sheep, fresh or processed","Cheese, sheep milk",2848|Milk - Excluding Butter,"984|Cheese, sheep milk",2848|Milk - Excluding Butter,2848|Milk - Excluding Butter,livst_milk,livst_milk,
145,"1035|Meat, pig","1035|Meat of pig with the bone, fresh or chilled","Meat, pig",2733|Pigmeat,"1035|Meat, pig",2733|Pigmeat,2733|Pigmeat,livst_pig,livst_pig,
146,"1089|Meat, bird nes",,"Meat, bird nes","2735|Meat, Other","1089|Meat, bird nes","2735|Meat, Other","2735|Meat, Other",livst_rum,livst_rum,
147,"1097|Meat, horse","1097|Horse meat, fresh or chilled","Meat, horse","2735|Meat, Other","1097|Meat, horse","2735|Meat, Other","2735|Meat, Other",livst_rum,livst_rum,
148,"1108|Meat, ass","1108|Meat of asses, fresh or chilled","Meat, ass","2735|Meat, Other","1108|Meat, ass","2735|Meat, Other","2735|Meat, Other",livst_rum,livst_rum,
149,"1111|Meat, mule",,"Meat, mule","2735|Meat, Other","1111|Meat, mule","2735|Meat, Other","2735|Meat, Other",livst_rum,livst_rum,
150,"1127|Meat, camel",,"Meat, camel","2735|Meat, Other","1127|Meat, camel","2735|Meat, Other","2735|Meat, Other",livst_rum,livst_rum,
151,"1141|Meat, rabbit","1141|Meat of rabbits and hares, fresh or chilled","Meat, rabbit","2735|Meat, Other","1141|Meat, rabbit","2735|Meat, Other","2735|Meat, Other",livst_rum,livst_rum,
152,"1151|Meat, other rodents",,"Meat, other rodents","2735|Meat, Other","1151|Meat, other rodents","2735|Meat, Other","2735|Meat, Other",livst_rum,livst_rum,
153,"1158|Meat, other camelids",,"Meat, other camelids","2735|Meat, Other","1158|Meat, other camelids","2735|Meat, Other","2735|Meat, Other",livst_rum,livst_rum,
154,"1163|Meat, game","1163|Game meat, fresh, chilled or frozen","Meat, game","2735|Meat, Other","1163|Meat, game","2735|Meat, Other","2735|Meat, Other",livst_rum,livst_rum,
155,"1166|Meat, nes","1166|Other meat n.e.c. (excluding mammals), fresh, chilled or frozen","Meat, nes","2735|Meat, Other","1166|Meat, nes","2735|Meat, Other","2735|Meat, Other",livst_rum,livst_rum,
156,"1176|Snails, not sea",,"Snails, not sea","2735|Meat, Other","1176|Snails, not sea","2735|Meat, Other","2735|Meat, Other",livst_rum,livst_rum,
157,"1167|Offals, nes",,"Offals, nes","2736|Offals, Edible","1167|Offals, nes","2736|Offals, Edible","2736|Offals, Edible",livst_rum,livst_rum,
158,1043|Lard,"1043|Pig fat, rendered",Lard,"2737|Fats, Animals, Raw",1043|Lard,"2737|Fats, Animals, Raw","2737|Fats, Animals, Raw",livst_rum,livst_rum,
159,1225|Tallow,1225|Tallow,Tallow,"2737|Fats, Animals, Raw",1225|Tallow,"2737|Fats, Animals, Raw","2737|Fats, Animals, Raw",livst_rum,livst_rum,
160,"867|Meat, cattle","867|Meat of cattle with the bone, fresh or chilled","Meat, cattle",2731|Bovine Meat,"867|Meat, cattle",2731|Bovine Meat,2731|Bovine Meat,livst_rum,livst_rum,
161,"947|Meat, buffalo",,"Meat, buffalo",2731|Bovine Meat,"947|Meat, buffalo",2731|Bovine Meat,2731|Bovine Meat,livst_rum,livst_rum,
162,"1017|Meat, goat","1017|Meat of goat, fresh or chilled","Meat, goat",2732|Mutton & Goat Meat,"1017|Meat, goat",2732|Mutton & Goat Meat,2732|Mutton & Goat Meat,livst_rum,livst_rum,
163,"977|Meat, sheep","977|Meat of sheep, fresh or chilled","Meat, sheep",2732|Mutton & Goat Meat,"977|Meat, sheep",2732|Mutton & Goat Meat,2732|Mutton & Goat Meat,livst_rum,livst_rum,
164,,,,,,2749|Meat Meal,2749|Meat Meal,livst_rum,livst_rum,
165,56|Maize,56|Maize (corn),Maize,2514|Maize and products,56|Maize,2514|Maize and products,2514|Maize and products,maiz,maiz,
166,,,,2544|Molasses,165|Molasses,2544|Molasses,2544|Molasses,molasses,molasses,
167,256|Palm kernels,,Palm kernels,2562|Palm kernels,256|Palm kernels,2562|Palm kernels,2562|Palm kernels,not_clear,not_clear,what to do with these??
168,,238|Cake of  soya beans,,2590|Soyabean Cake,,2590|Soyabean Cake,2590|Soyabean Cake,oilcakes,oilcakes,
169,,238|Cake of soya beans,,2590|Soyabean Cake,,2590|Soyabean Cake,2590|Soyabean Cake,oilcakes,oilcakes,
168,,61|Cake of maize,,,,,,oilcakes,oilcakes,
169,,245|Cake of groundnuts,,2591|Groundnut Cake,,2591|Groundnut Cake,2591|Groundnut Cake,oilcakes,oilcakes,
170,,269|Cake of sunflower seed,,2592|Sunflowerseed Cake,,2592|Sunflowerseed Cake,2592|Sunflowerseed Cake,oilcakes,oilcakes,
171,,294|Cake of mustard seed,,2593|Rape and Mustard Cake,,2593|Rape and Mustard Cake,2593|Rape and Mustard Cake,oilcakes,oilcakes,
171,,272|Cake of rapeseed,,2593|Rape and Mustard Cake,,2593|Rape and Mustard Cake,2593|Rape and Mustard Cake,oilcakes,oilcakes,
172,,332|Cake of cottonseed,,2594|Cottonseed Cake,,2594|Cottonseed Cake,2594|Cottonseed Cake,oilcakes,oilcakes,
173,,259|Cake of palm kernel,,2595|Palmkernel Cake,,2595|Palmkernel Cake,2595|Palmkernel Cake,oilcakes,oilcakes,
174,,253|Cake of copra,,2596|Copra Cake,,2596|Copra Cake,2596|Copra Cake,oilcakes,oilcakes,
175,,291|Cake of sesame seed,,2597|Sesameseed Cake,,2597|Sesameseed Cake,2597|Sesameseed Cake,oilcakes,oilcakes,
176,,"341|Cake, oilseeds nes",,"2598|Oilseed Cakes, Other",,"2598|Oilseed Cakes, Other","2598|Oilseed Cakes, Other",oilcakes,oilcakes,
176,,"335|Cake of  linseed",,,,,,oilcakes,oilcakes,
176,,"338|Cake of hempseed",,,,,,oilcakes,oilcakes,
176,,"37|Cake of rice bran",,,,,,oilcakes,oilcakes,
176,,"282|Cake of safflowerseed",,,,,,oilcakes,oilcakes,
176,,"314|Cake of kapok",,,,,,oilcakes,oilcakes,
177,,,,,,X003|Palmoil_Kerneloil_Kernelcake,X003|Palmoil_Kerneloil_Kernelcake,oilpalm,oilpalm,
178,"237|Oil, soybean",237|Soya bean oil,"Oil, soybean",2571|Soyabean Oil,"237|Oil, soybean",2571|Soyabean Oil,2571|Soyabean Oil,oils,oils,
179,"244|Oil, groundnut",244|Groundnut oil,"Oil, groundnut",2572|Groundnut Oil,"244|Oil, groundnut",2572|Groundnut Oil,2572|Groundnut Oil,oils,oils,
180,"268|Oil, sunflower","268|Sunflower-seed oil, crude","Oil, sunflower",2573|Sunflowerseed Oil,"268|Oil, sunflower",2573|Sunflowerseed Oil,2573|Sunflowerseed Oil,oils,oils,
181,"271|Oil, rapeseed","271|Rapeseed or canola oil, crude","Oil, rapeseed",2574|Rape and Mustard Oil,"271|Oil, rapeseed",2574|Rape and Mustard Oil,2574|Rape and Mustard Oil,oils,oils,
182,"331|Oil, cottonseed",331|Cottonseed oil,"Oil, cottonseed",2575|Cottonseed Oil,"331|Oil, cottonseed",2575|Cottonseed Oil,2575|Cottonseed Oil,oils,oils,
183,"258|Oil, palm kernel",258|Oil of palm kernel,"Oil, palm kernel",2576|Palmkernel Oil,"258|Oil, palm kernel",2576|Palmkernel Oil,2576|Palmkernel Oil,oils,oils,
184,"257|Oil, palm",257|Palm oil,"Oil, palm",2577|Palm Oil,"257|Oil, palm",2577|Palm Oil,2577|Palm Oil,oils,oils,
185,"252|Oil, coconut (copra)",252|Coconut oil,"Oil, coconut (copra)",2578|Coconut Oil,"252|Oil, coconut (copra)",2578|Coconut Oil,2578|Coconut Oil,oils,oils,
186,"290|Oil, sesame",290|Oil of sesame seed,"Oil, sesame",2579|Sesameseed Oil,"290|Oil, sesame",2579|Sesameseed Oil,2579|Sesameseed Oil,oils,oils,
187,"261|Oil, olive, virgin",261|Olive oil,"Oil, olive, virgin",2580|Olive Oil,"261|Oil, olive, virgin",2580|Olive Oil,2580|Olive Oil,oils,oils,
188,"36|Oil, rice bran",36|Oil of rice bran,"Oil, rice bran",2581|Ricebran Oil,,2581|Ricebran Oil,2581|Ricebran Oil,oils,oils,no production in ProdSTAT
189,"60|Oil, maize",60|Oil of maize,"Oil, maize",2582|Maize Germ Oil,"60|Oil, maize",2582|Maize Germ Oil,2582|Maize Germ Oil,oils,oils,
190,"1242|Margarine, short",1242|Margarine and shortening,"Margarine, short","2586|Oilcrops Oil, Other","1242|Margarine, short","2586|Oilcrops Oil, Other","2586|Oilcrops Oil, Other",oils,oils,
191,"281|Oil, safflower","281|Safflower-seed oil, crude","Oil, safflower","2586|Oilcrops Oil, Other","281|Oil, safflower","2586|Oilcrops Oil, Other","2586|Oilcrops Oil, Other",oils,oils,
192,"334|Oil, linseed",334|Oil of linseed,"Oil, linseed","2586|Oilcrops Oil, Other","334|Oil, linseed","2586|Oilcrops Oil, Other","2586|Oilcrops Oil, Other",oils,oils,
193,"216|Brazil nuts, with shell",,"Brazil nuts, with shell",2551|Nuts and products,"216|Brazil nuts, with shell",2551|Nuts and products,2551|Nuts and products,others,others,
194,"217|Cashew nuts, with shell","217|Cashew nuts, in shell","Cashew nuts, with shell",2551|Nuts and products,"217|Cashew nuts, with shell",2551|Nuts and products,2551|Nuts and products,others,others,
195,220|Chestnut,"220|Chestnuts, in shell",Chestnut,2551|Nuts and products,220|Chestnut,2551|Nuts and products,2551|Nuts and products,others,others,
196,"221|Almonds, with shell","221|Almonds, in shell","Almonds, with shell",2551|Nuts and products,"221|Almonds, with shell",2551|Nuts and products,2551|Nuts and products,others,others,
197,"222|Walnuts, with shell","222|Walnuts, in shell","Walnuts, with shell",2551|Nuts and products,"222|Walnuts, with shell",2551|Nuts and products,2551|Nuts and products,others,others,
198,223|Pistachios,"223|Pistachios, in shell",Pistachios,2551|Nuts and products,223|Pistachios,2551|Nuts and products,2551|Nuts and products,others,others,
199,224|Kola nuts,224|Kola nuts,Kola nuts,2551|Nuts and products,224|Kola nuts,2551|Nuts and products,2551|Nuts and products,others,others,
200,"225|Hazelnuts, with shell","225|Hazelnuts, in shell","Hazelnuts, with shell",2551|Nuts and products,"225|Hazelnuts, with shell",2551|Nuts and products,2551|Nuts and products,others,others,
201,226|Areca nuts,226|Areca nuts,Areca nuts,2551|Nuts and products,226|Areca nuts,2551|Nuts and products,2551|Nuts and products,others,others,
202,"234|Nuts, nes","234|Other nuts (excluding wild edible nuts and groundnuts), in shell, n.e.c.","Nuts, nes",2551|Nuts and products,"234|Nuts, nes",2551|Nuts and products,2551|Nuts and products,others,others,
203,"234|Nuts, nes","234|Other nuts (excluding wild edible nuts and groundnuts), in shell, n.e.c.","Nuts, nes",2551|Nuts and products,234|Nuts nes,2551|Nuts and products,2551|Nuts and products,others,others,
204,388|Tomatoes,388|Tomatoes,Tomatoes,2601|Tomatoes and products,388|Tomatoes,2601|Tomatoes and products,2601|Tomatoes and products,others,Vegetables,
205,"403|Onions, dry","403|Onions and shallots, dry (excluding dehydrated)","Onions, dry",2602|Onions,"403|Onions, dry",2602|Onions,2602|Onions,others,Vegetables,
206,358|Cabbages and other brassicas,358|Cabbages,Cabbages and other brassicas,"2605|Vegetables, Other",358|Cabbages and other brassicas,"2605|Vegetables, Other","2605|Vegetables, other",others,Vegetables,
207,366|Artichokes,366|Artichokes,Artichokes,"2605|Vegetables, Other",366|Artichokes,"2605|Vegetables, Other","2606|Vegetables, other",others,Vegetables,
208,367|Asparagus,367|Asparagus,Asparagus,"2605|Vegetables, Other",367|Asparagus,"2605|Vegetables, Other","2607|Vegetables, other",others,Vegetables,
209,372|Lettuce and chicory,372|Lettuce and chicory,Lettuce and chicory,"2605|Vegetables, Other",372|Lettuce and chicory,"2605|Vegetables, Other","2608|Vegetables, other",others,Vegetables,
210,373|Spinach,373|Spinach,Spinach,"2605|Vegetables, Other",373|Spinach,"2605|Vegetables, Other","2609|Vegetables, other",others,Vegetables,
211,378|Cassava leaves,,Cassava leaves,"2605|Vegetables, Other",378|Cassava leaves,"2605|Vegetables, Other","2610|Vegetables, other",others,Vegetables,
212,393|Cauliflowers and broccoli,393|Cauliflowers and broccoli,Cauliflowers and broccoli,"2605|Vegetables, Other",393|Cauliflowers and broccoli,"2605|Vegetables, Other","2611|Vegetables, other",others,Vegetables,
213,"394|Pumpkins, squash and gourds","394|Pumpkins, squash and gourds","Pumpkins, squash and gourds","2605|Vegetables, Other","394|Pumpkins, squash and gourds","2605|Vegetables, Other","2612|Vegetables, other",others,Vegetables,
214,397|Cucumbers and gherkins,397|Cucumbers and gherkins,Cucumbers and gherkins,"2605|Vegetables, Other",397|Cucumbers and gherkins,"2605|Vegetables, Other","2613|Vegetables, other",others,Vegetables,
215,399|Eggplants (aubergines),399|Eggplants (aubergines),Eggplants (aubergines),"2605|Vegetables, Other",399|Eggplants (aubergines),"2605|Vegetables, Other","2614|Vegetables, other",others,Vegetables,
216,"401|Chillies and peppers, green","401|Chillies and peppers, green (Capsicum spp. and Pimenta spp.)","Chillies and peppers, green","2605|Vegetables, Other","401|Chillies and peppers, green","2605|Vegetables, Other","2615|Vegetables, other",others,Vegetables,
217,"402|Onions, shallots, green","402|Onions and shallots, green","Onions, shallots, green","2605|Vegetables, Other","402|Onions, shallots, green","2605|Vegetables, Other","2616|Vegetables, other",others,Vegetables,
218,406|Garlic,406|Green garlic,Garlic,"2605|Vegetables, Other",406|Garlic,"2605|Vegetables, Other","2617|Vegetables, other",others,Vegetables,
219,"407|Leeks, other alliaceous vegetables",407|Leeks and other alliaceous vegetables,"Leeks, other alliaceous vegetables","2605|Vegetables, Other","407|Leeks, other alliaceous vegetables","2605|Vegetables, Other","2618|Vegetables, other",others,Vegetables,
220,"414|Beans, green","414|Other beans, green","Beans, green","2605|Vegetables, Other","414|Beans, green","2605|Vegetables, Other","2619|Vegetables, other",others,Vegetables,
221,"417|Peas, green","417|Peas, green","Peas, green","2605|Vegetables, Other","417|Peas, green","2605|Vegetables, Other","2620|Vegetables, other",others,Vegetables,
222,"420|Vegetables, leguminous nes",,"Vegetables, leguminous nes","2605|Vegetables, Other","420|Vegetables, leguminous nes","2605|Vegetables, Other","2621|Vegetables, other",others,Vegetables,
223,423|String beans,,String beans,"2605|Vegetables, Other",423|String beans,"2605|Vegetables, Other","2622|Vegetables, other",others,Vegetables,
224,426|Carrots and turnips,426|Carrots and turnips,Carrots and turnips,"2605|Vegetables, Other",426|Carrots and turnips,"2605|Vegetables, Other","2623|Vegetables, other",others,Vegetables,
225,430|Okra,,Okra,"2605|Vegetables, Other",430|Okra,"2605|Vegetables, Other","2624|Vegetables, other",others,Vegetables,
226,"446|Maize, green",446|Green corn (maize),"Maize, green","2605|Vegetables, Other","446|Maize, green","2605|Vegetables, Other","2625|Vegetables, other",others,Vegetables,
227,449|Mushrooms and truffles,449|Mushrooms and truffles,Mushrooms and truffles,"2605|Vegetables, Other",449|Mushrooms and truffles,"2605|Vegetables, Other","2626|Vegetables, other",others,Vegetables,
228,459|Chicory roots,,Chicory roots,"2605|Vegetables, Other",459|Chicory roots,"2605|Vegetables, Other","2627|Vegetables, other",others,Vegetables,
229,461|Carobs,,Carobs,"2605|Vegetables, Other",461|Carobs,"2605|Vegetables, Other","2628|Vegetables, other",others,Vegetables,
230,"463|Vegetables, fresh nes","463|Other vegetables, fresh n.e.c.","Vegetables, fresh nes","2605|Vegetables, Other","463|Vegetables, fresh nes","2605|Vegetables, Other","2629|Vegetables, other",others,Vegetables,
231,567|Watermelons,567|Watermelons,Watermelons,"2605|Vegetables, Other",567|Watermelons,"2605|Vegetables, Other","2630|Vegetables, other",others,others,
232,"568|Melons, other (inccantaloupes)",568|Cantaloupes and other melons,"Melons, other (inccantaloupes)","2605|Vegetables, Other","568|Melons, other (inccantaloupes)","2605|Vegetables, Other","2631|Vegetables, other",others,others,
233,490|Oranges,490|Oranges,Oranges,"2611|Oranges, Mandarines",490|Oranges,"2611|Oranges, Mandarines","2611|Oranges, Mandarines",others,others,
234,"495|Tangerines, mandarins, clementines, satsumas","495|Tangerines, mandarins, clementines","Tangerines, mandarins, clementines, satsumas","2611|Oranges, Mandarines","495|Tangerines, mandarins, clementines, satsumas","2611|Oranges, Mandarines","2611|Oranges, Mandarines",others,others,
235,497|Lemons and limes,497|Lemons and limes,Lemons and limes,"2612|Lemons, Limes and products",497|Lemons and limes,"2612|Lemons, Limes and products","2612|Lemons, Limes and products",others,others,
236,507|Grapefruit (inc pomelos),507|Pomelos and grapefruits,Grapefruit (inc pomelos),2613|Grapefruit and products,507|Grapefruit (inc pomelos),2613|Grapefruit and products,2613|Grapefruit and products,others,others,
237,"512|Fruit, citrus nes",,"Fruit, citrus nes","2614|Citrus, Other","512|Fruit, citrus nes","2614|Citrus, Other","2614|Citrus, Other",others,others,
238,486|Bananas,486|Bananas,Bananas,2615|Bananas,486|Bananas,2615|Bananas,2615|Bananas,cassav_sp,cassav_sp,
239,489|Plantains,489|Plantains and cooking bananas,Plantains,2616|Plantains,489|Plantains,2616|Plantains,2616|Plantains,cassav_sp,cassav_sp,
240,489|Plantains and others,489|Plantains and cooking bananas,Plantains and others,2616|Plantains,489|Plantains and others,2616|Plantains,2616|Plantains,cassav_sp,cassav_sp,
241,515|Apples,515|Apples,Apples,2617|Apples and products,515|Apples,2617|Apples and products,2617|Apples and products,others,others,
242,574|Pineapples,574|Pineapples,Pineapples,2618|Pineapples and products,574|Pineapples,2618|Pineapples and products,2618|Pineapples and products,others,others,
243,577|Dates,577|Dates,Dates,2619|Dates,577|Dates,2619|Dates,2619|Dates,others,others,
244,560|Grapes,560|Grapes,Grapes,2620|Grapes and products (excl wine),560|Grapes,2620|Grapes and products (excl wine),2620|Grapes and products (excl wine),others,others,
245,521|Pears,521|Pears,Pears,"2625|Fruits, Other",521|Pears,"2625|Fruits, Other","2625|Fruits, other",others,others,
246,523|Quinces,523|Quinces,Quinces,"2625|Fruits, Other",523|Quinces,"2625|Fruits, Other","2626|Fruits, other",others,others,
247,526|Apricots,526|Apricots,Apricots,"2625|Fruits, Other",526|Apricots,"2625|Fruits, Other","2627|Fruits, other",others,others,
248,"530|Cherries, sour",530|Sour cherries,"Cherries, sour","2625|Fruits, Other","530|Cherries, sour","2625|Fruits, Other","2628|Fruits, other",others,others,
249,531|Cherries,531|Cherries,Cherries,"2625|Fruits, Other",531|Cherries,"2625|Fruits, Other","2629|Fruits, other",others,others,
250,534|Peaches and nectarines,534|Peaches and nectarines,Peaches and nectarines,"2625|Fruits, Other",534|Peaches and nectarines,"2625|Fruits, Other","2630|Fruits, other",others,others,
251,536|Plums and sloes,536|Plums and sloes,Plums and sloes,"2625|Fruits, Other",536|Plums and sloes,"2625|Fruits, Other","2631|Fruits, other",others,others,
252,"541|Fruit, stone nes",,"Fruit, stone nes","2625|Fruits, Other","541|Fruit, stone nes","2625|Fruits, Other","2632|Fruits, other",others,others,
253,"542|Fruit, pome nes",,"Fruit, pome nes","2625|Fruits, Other","542|Fruit, pome nes","2625|Fruits, Other","2633|Fruits, other",others,others,
254,544|Strawberries,544|Strawberries,Strawberries,"2625|Fruits, Other",544|Strawberries,"2625|Fruits, Other","2634|Fruits, other",others,others,
255,547|Raspberries,,Raspberries,"2625|Fruits, Other",547|Raspberries,"2625|Fruits, Other","2635|Fruits, other",others,others,
256,549|Gooseberries,549|Gooseberries,Gooseberries,"2625|Fruits, Other",549|Gooseberries,"2625|Fruits, Other","2636|Fruits, other",others,others,
257,550|Currants,550|Currants,Currants,"2625|Fruits, Other",550|Currants,"2625|Fruits, Other","2637|Fruits, other",others,others,
258,552|Blueberries,552|Blueberries,Blueberries,"2625|Fruits, Other",552|Blueberries,"2625|Fruits, Other","2638|Fruits, other",others,others,
259,554|Cranberries,554|Cranberries,Cranberries,"2625|Fruits, Other",554|Cranberries,"2625|Fruits, Other","2639|Fruits, other",others,others,
260,558|Berries nes,,Berries nes,"2625|Fruits, Other",558|Berries nes,"2625|Fruits, Other","2640|Fruits, other",others,others,
261,569|Figs,569|Figs,Figs,"2625|Fruits, Other",569|Figs,"2625|Fruits, Other","2641|Fruits, other",others,others,
262,"571|Mangoes, mangosteens, guavas","571|Mangoes, guavas and mangosteens","Mangoes, mangosteens, guavas","2625|Fruits, Other","571|Mangoes, mangosteens, guavas","2625|Fruits, Other","2642|Fruits, other",others,others,
263,572|Avocados,572|Avocados,Avocados,"2625|Fruits, Other",572|Avocados,"2625|Fruits, Other","2643|Fruits, other",others,others,
264,587|Persimmons,587|Persimmons,Persimmons,"2625|Fruits, Other",587|Persimmons,"2625|Fruits, Other","2644|Fruits, other",others,others,
265,591|Cashewapple,591|Cashewapple,Cashewapple,"2625|Fruits, Other",591|Cashewapple,"2625|Fruits, Other","2645|Fruits, other",others,others,
266,592|Kiwi fruit,592|Kiwi fruit,Kiwi fruit,"2625|Fruits, Other",592|Kiwi fruit,"2625|Fruits, Other","2646|Fruits, other",others,others,
267,600|Papayas,600|Papayas,Papayas,"2625|Fruits, Other",600|Papayas,"2625|Fruits, Other","2647|Fruits, other",others,others,
268,"603|Fruit, tropical fresh nes","603|Other tropical fruits, n.e.c.","Fruit, tropical fresh nes","2625|Fruits, Other","603|Fruit, tropical fresh nes","2625|Fruits, Other","2648|Fruits, other",others,others,
269,"619|Fruit, fresh nes","619|Other fruits, n.e.c.","Fruit, fresh nes","2625|Fruits, Other","619|Fruit, fresh nes","2625|Fruits, Other","2649|Fruits, other",others,others,
270,"656|Coffee, green","656|Coffee, green","Coffee, green",2630|Coffee and products,"656|Coffee, green",2630|Coffee and products,2630|Coffee and products,others,others,
271,"661|Cocoa, beans",661|Cocoa beans,"Cocoa, beans",2633|Cocoa Beans and products,"661|Cocoa, beans",2633|Cocoa Beans and products,2633|Cocoa Beans and products,others,others,
272,667|Tea,667|Tea leaves,Tea,2635|Tea (including mate),667|Tea,2635|Tea (including mate),2635|Tea (including mate),others,others,
273,671|Mate,671|Mate leaves,Mate,2635|Tea (including mate),671|Mate,2635|Tea (including mate),2635|Tea (including mate),others,others,
274,687|Pepper (piper spp),"687|Pepper (Piper spp.), raw",Pepper (piper spp),2640|Pepper,687|Pepper (piper spp),2640|Pepper,2640|Pepper,others,Vegetables,
275,"689|Chillies and peppers, dry","689|Chillies and peppers, dry (Capsicum spp., Pimenta spp.), raw","Chillies and peppers, dry",2641|Pimento,"689|Chillies and peppers, dry",2641|Pimento,2641|Pimento,others,Vegetables,
276,698|Cloves,"698|Cloves (whole stems), raw",Cloves,2642|Cloves,698|Cloves,2642|Cloves,2642|Cloves,others,others,
277,692|Vanilla,"692|Vanilla, raw",Vanilla,"2645|Spices, Other",692|Vanilla,"2645|Spices, Other","2645|Spices, Other",others,others,
278,693|Cinnamon (canella),"693|Cinnamon and cinnamon-tree flowers, raw",Cinnamon (canella),"2645|Spices, Other",693|Cinnamon (canella),"2645|Spices, Other","2645|Spices, Other",others,others,
279,693|Cinnamon (cannella),"693|Cinnamon and cinnamon-tree flowers, raw",Cinnamon (cannella),"2645|Spices, Other",693|Cinnamon (cannella),"2645|Spices, Other","2645|Spices, Other",others,others,
280,"702|Nutmeg, mace and cardamoms","702|Nutmeg, mace, cardamoms, raw","Nutmeg, mace and cardamoms","2645|Spices, Other","702|Nutmeg, mace and cardamoms","2645|Spices, Other","2645|Spices, Other",others,others,
281,"711|Anise, badian, fennel, coriander","711|Anise, badian, coriander, cumin, caraway, fennel and juniper berries, raw","Anise, badian, fennel, coriander","2645|Spices, Other","711|Anise, badian, fennel, coriander","2645|Spices, Other","2645|Spices, Other",others,others,
282,720|Ginger,"720|Ginger, raw",Ginger,"2645|Spices, Other",720|Ginger,"2645|Spices, Other","2645|Spices, Other",others,others,
283,"723|Spices, nes","723|Other stimulant, spice and aromatic crops, n.e.c.","Spices, nes","2645|Spices, Other","723|Spices, nes","2645|Spices, Other","2645|Spices, Other",others,others,
284,"723|Spices, nes","723|Other stimulant, spice and aromatic crops, n.e.c.","Spices, nes","2645|Spices, Other",723|Spices nes,"2645|Spices, Other","2645|Spices, Other",others,others,
285,109|Infant food,109|Infant food,Infant food,2680|Infant food,,2680|Infant food,2680|Infant food,others,others,no production in ProdSTAT
286,"1594|Aquatic plants, fresh",,"Aquatic plants, fresh",2775|Aquatic Plants,,2775|Aquatic Plants,2775|Aquatic Plants,others,Vegetables,no production in ProdSTAT
287,"1595|Aquatic plants, dried",,"Aquatic plants, dried",2775|Aquatic Plants,,2775|Aquatic Plants,2775|Aquatic Plants,others,Vegetables,no production in ProdSTAT
288,"1596|Aquatic plants, other preparations",,"Aquatic plants, other preparations",2775|Aquatic Plants,,2775|Aquatic Plants,2775|Aquatic Plants,others,Vegetables,no production in ProdSTAT
289,,,,2899|Miscellaneous,,2899|Miscellaneous,2899|Miscellaneous,livst_rum,livst_rum,no production in ProdSTAT
290,116|Potatoes,116|Potatoes,Potatoes,2531|Potatoes and products,116|Potatoes,2531|Potatoes and products,2531|Potatoes and products,potato,potato,
291,"176|Beans, dry","176|Beans, dry","Beans, dry",2546|Beans,"176|Beans, dry",2546|Beans,2546|Beans,puls_pro,puls_pro,
292,"187|Peas, dry","187|Peas, dry","Peas, dry",2547|Peas,"187|Peas, dry",2547|Peas,2547|Peas,puls_pro,puls_pro,
293,"181|Broad beans, horse beans, dry","181|Broad beans and horse beans, dry","Broad beans, horse beans, dry","2549|Pulses, Other and products","181|Broad beans, horse beans, dry","2549|Pulses, Other and products","2549|Pulses, Other and products",puls_pro,puls_pro,
294,191|Chick peas,"191|Chick peas, dry",Chick peas,"2549|Pulses, Other and products",191|Chick peas,"2549|Pulses, Other and products","2549|Pulses, Other and products",puls_pro,puls_pro,
295,"195|Cow peas, dry",,"Cow peas, dry","2549|Pulses, Other and products","195|Cow peas, dry","2549|Pulses, Other and products","2549|Pulses, Other and products",puls_pro,puls_pro,
296,197|Pigeon peas,,Pigeon peas,"2549|Pulses, Other and products",197|Pigeon peas,"2549|Pulses, Other and products","2549|Pulses, Other and products",puls_pro,puls_pro,
297,201|Lentils,"201|Lentils, dry",Lentils,"2549|Pulses, Other and products",201|Lentils,"2549|Pulses, Other and products","2549|Pulses, Other and products",puls_pro,puls_pro,
298,203|Bambara beans,"203|Bambara beans, dry",Bambara beans,"2549|Pulses, Other and products",203|Bambara beans,"2549|Pulses, Other and products","2549|Pulses, Other and products",puls_pro,puls_pro,
299,205|Vetches,205|Vetches,Vetches,"2549|Pulses, Other and products",205|Vetches,"2549|Pulses, Other and products","2549|Pulses, Other and products",puls_pro,puls_pro,
300,210|Lupins,,Lupins,"2549|Pulses, Other and products",210|Lupins,"2549|Pulses, Other and products","2549|Pulses, Other and products",puls_pro,puls_pro,
301,"211|Pulses, nes",,"Pulses, nes","2549|Pulses, Other and products","211|Pulses, nes","2549|Pulses, Other and products","2549|Pulses, Other and products",puls_pro,puls_pro,
302,"211|Pulses, nes",,"Pulses, nes","2549|Pulses, Other and products",211|Pulses nes,"2549|Pulses, Other and products","2549|Pulses, Other and products",puls_pro,puls_pro,
303,270|Rapeseed,270|Rape or colza seed,Rapeseed,2558|Rape and Mustardseed,270|Rapeseed,2558|Rape and Mustardseed,2558|Rape and Mustardseed,rapeseed,rapeseed,
304,292|Mustard seed,292|Mustard seed,Mustard seed,2558|Rape and Mustardseed,292|Mustard seed,2558|Rape and Mustardseed,2558|Rape and Mustardseed,rapeseed,rapeseed,
305,249|Coconuts,"249|Coconuts, in shell",Coconuts,2560|Coconuts - Incl Copra,249|Coconuts,2560|Coconuts - Incl Copra,2560|Coconuts - Incl Copra,rapeseed,rapeseed,
306,289|Sesame seed,289|Sesame seed,Sesame seed,2561|Sesame seed,289|Sesame seed,2561|Sesame seed,2561|Sesame seed,rapeseed,rapeseed,
307,260|Olives,260|Olives,Olives,2563|Olives (including preserved),260|Olives,2563|Olives (including preserved),2563|Olives (including preserved),rapeseed,rapeseed,
308,263|Karite nuts (sheanuts),263|Karite nuts (sheanuts),Karite nuts (sheanuts),"2570|Oilcrops, Other",263|Karite nuts (sheanuts),"2570|Oilcrops, Other","2570|Oilcrops, Other",rapeseed,rapeseed,
309,265|Castor oil seed,,Castor oil seed,"2570|Oilcrops, Other",265|Castor oil seed,"2570|Oilcrops, Other","2570|Oilcrops, Other",rapeseed,rapeseed,
310,275|Tung nuts,,Tung nuts,"2570|Oilcrops, Other",275|Tung nuts,"2570|Oilcrops, Other","2570|Oilcrops, Other",rapeseed,rapeseed,
311,277|Jojoba seed,,Jojoba seed,"2570|Oilcrops, Other",277|Jojoba seed,"2570|Oilcrops, Other","2570|Oilcrops, Other",rapeseed,rapeseed,
312,280|Safflower seed,,Safflower seed,"2570|Oilcrops, Other",280|Safflower seed,"2570|Oilcrops, Other","2570|Oilcrops, Other",rapeseed,rapeseed,
313,296|Poppy seed,296|Poppy seed,Poppy seed,"2570|Oilcrops, Other",296|Poppy seed,"2570|Oilcrops, Other","2570|Oilcrops, Other",rapeseed,rapeseed,
314,299|Melonseed,,Melonseed,"2570|Oilcrops, Other",299|Melonseed,"2570|Oilcrops, Other","2570|Oilcrops, Other",rapeseed,rapeseed,
315,305|Tallowtree seed,,Tallowtree seed,"2570|Oilcrops, Other",305|Tallowtree seed,"2570|Oilcrops, Other","2570|Oilcrops, Other",rapeseed,rapeseed,
316,310|Kapok fruit,,Kapok fruit,"2570|Oilcrops, Other",310|Kapok fruit,"2570|Oilcrops, Other","2570|Oilcrops, Other",rapeseed,rapeseed,
317,311|Kapokseed in shell,311|Kapokseed in shell,Kapokseed in shell,"2570|Oilcrops, Other",311|Kapokseed in shell,"2570|Oilcrops, Other","2570|Oilcrops, Other",rapeseed,rapeseed,
318,333|Linseed,333|Linseed,Linseed,"2570|Oilcrops, Other",333|Linseed,"2570|Oilcrops, Other","2570|Oilcrops, Other",rapeseed,rapeseed,
319,336|Hempseed,,Hempseed,"2570|Oilcrops, Other",336|Hempseed,"2570|Oilcrops, Other","2570|Oilcrops, Other",rapeseed,rapeseed,
320,339|Oilseeds nes,"339|Other oil seeds, n.e.c.",Oilseeds nes,"2570|Oilcrops, Other",339|Oilseeds nes,"2570|Oilcrops, Other","2570|Oilcrops, Other",rapeseed,rapeseed,
321,162|Sugar Raw Centrifugal,162|Raw cane or beet sugar (centrifugal only),Sugar Raw Centrifugal,2542|Sugar (Raw Equivalent),162|Sugar Raw Centrifugal,2542|Sugar (Raw Equivalent),,remaining,remaining,
,,,,,,,2542|Sugar (Raw Equivalent),sugar,sugar,New FBS: put this in sugar for now as only using FBS and not SUA . FBS only reports raw eq sugar
322,,,,2671|Tobacco,"826|Tobacco, unmanufactured",2671|Tobacco,2671|Tobacco,remaining,remaining,
323,,,,2672|Rubber,"836|Rubber, natural",2672|Rubber,2672|Rubber,remaining,remaining,
324,,,,,"1012|Meat indigenous, sheep",remaining,remaining,remaining,remaining,
325,,,,,"1025|Skins, goat, fresh",remaining,remaining,remaining,remaining,
326,,,,,"1032|Meat indigenous, goat",remaining,remaining,remaining,remaining,
327,,,,,"1055|Meat indigenous, pig",remaining,remaining,remaining,remaining,
328,,,,,"1067|Eggs, hen, in shell (number)",remaining,remaining,remaining,remaining,
329,,,,,"1070|Meat indigenous, duck",remaining,remaining,remaining,remaining,
330,,,,,"1077|Meat indigenous, geese",remaining,remaining,remaining,remaining,
331,,,,,"1084|Meat indigenous, bird nes",remaining,remaining,remaining,remaining,
332,,,,,"1087|Meat indigenous, turkey",remaining,remaining,remaining,remaining,
333,,,,,"1092|Eggs, other bird, in shell (number)",remaining,remaining,remaining,remaining,
334,,,,,"1094|Meat indigenous, chicken",remaining,remaining,remaining,remaining,
335,,,,,"1100|Hair, horse",remaining,remaining,remaining,remaining,
336,,,,,"1120|Meat indigenous, horse",remaining,remaining,remaining,remaining,
337,,,,,"1122|Meat indigenous, ass",remaining,remaining,remaining,remaining,
338,,,,,"1124|Meat indigenous, mule",remaining,remaining,remaining,remaining,
339,,,,,"1137|Meat indigenous, camel",remaining,remaining,remaining,remaining,
340,,,,,"1144|Meat indigenous, rabbit",remaining,remaining,remaining,remaining,
341,,,,,"1154|Meat indigenous, rodents",remaining,remaining,remaining,remaining,
342,,,,,"1161|Meat indigenous, other camelids",remaining,remaining,remaining,remaining,
343,,,,,1183|Beeswax,remaining,remaining,remaining,remaining,
344,,,,,"1185|Silk-worm cocoons, reelable",remaining,remaining,remaining,remaining,
345,,,,,1186|Silk raw,remaining,remaining,remaining,remaining,
346,,,,,328|Seed cotton,2559|Cottonseed,2559|Cottonseed,cottn_pro,cottn_pro,only cotton item with area information
347,,,,,677|Hops,remaining,remaining,remaining,remaining,
348,,,,,748|Peppermint,remaining,remaining,remaining,remaining,
349,,,,,"754|Pyrethrum, dried",remaining,remaining,remaining,remaining,
350,,,,,773|Flax fibre and tow,remaining,remaining,remaining,remaining,
351,,,,,777|Hemp tow waste,remaining,remaining,remaining,remaining,
352,,,,,778|Kapok fibre,remaining,remaining,remaining,remaining,
353,,,,,788|Ramie,remaining,remaining,remaining,remaining,
354,,,,,800|Agave fibres nes,remaining,remaining,remaining,remaining,
355,,,,,813|Coir,remaining,remaining,remaining,remaining,
356,,,,,821|Fibre crops nes,remaining,remaining,remaining,remaining,
357,,,,,"839|Gums, natural",remaining,remaining,remaining,remaining,
358,,,,,"919|Hides, cattle, fresh",remaining,remaining,remaining,remaining,
359,,,,,"944|Meat indigenous, cattle",remaining,remaining,remaining,remaining,
360,,,,,"957|Hides, buffalo, fresh",remaining,remaining,remaining,remaining,
361,,,,,"972|Meat indigenous, buffalo",remaining,remaining,remaining,remaining,
362,,,,,"987|Wool, greasy",remaining,remaining,remaining,remaining,
363,,,,,"995|Skins, sheep, fresh",remaining,remaining,remaining,remaining,
364,,,,,"999|Skins, sheep, with wool",remaining,remaining,remaining,remaining,
365,,,,2804|Rice (Paddy Equivalent),"27|Rice, paddy",2804|Rice (Paddy Equivalent),2804|Rice (Paddy Equivalent),rice_pro,rice_pro,only existing in new FBS
,,,,,,,2807|Rice and products,rice_pro,rice_pro,
366,236|Soybeans,236|Soya beans,Soybeans,2555|Soyabeans,236|Soybeans,2555|Soyabeans,2555|Soyabeans,soybean,soybean,
367,163|Sugar non-centrifugal,"163|Cane sugar, non-centrifugal",Sugar non-centrifugal,2541|Sugar non-centrifugal,,2541|Sugar non-centrifugal,2541|Sugar non-centrifugal,sugar,sugar,
368,"161|Sugar crops, nes",161|Other sugar crops n.e.c.,"Sugar crops, nes",,"161|Sugar crops, nes",remaining,remaining,remaining,remaining,
369,"161|Sugar crops, nes",161|Other sugar crops n.e.c.,"Sugar crops, nes",,161|Sugar crops nes,remaining,remaining,remaining,remaining,
370,,,,"2543|Sweeteners, Other",,"2543|Sweeteners, Other","2543|Sweeteners, Other",sugar,sugar,
371,"1182|Honey, natural",1182|Natural honey,"Honey, natural",2745|Honey,"1182|Honey, natural",2745|Honey,2745|Honey,sugar,sugar,
372,,,,"2818|Sugar, Refined Equiv",,"2818|Sugar, Refined Equiv","2818|Sugar, Refined Equiv",sugar,sugar,
373,157|Sugar beet,157|Sugar beet,Sugar beet,2537|Sugar beet,157|Sugar beet,2537|Sugar beet,2537|Sugar beet,sugr_beet,sugr_beet,
374,156|Sugar cane,156|Sugar cane,Sugar cane,2536|Sugar cane,156|Sugar cane,2536|Sugar cane,2536|Sugar cane,sugr_cane,sugr_cane,
375,267|Sunflower seed,267|Sunflower seed,Sunflower seed,2557|Sunflower seed,267|Sunflower seed,2557|Sunflower seed,2557|Sunflower seed,sunflower,sunflower,
376,15|Wheat,15|Wheat,Wheat,2511|Wheat and products,15|Wheat,2511|Wheat and products,2511|Wheat and products,tece,tece,
377,44|Barley,44|Barley,Barley,2513|Barley and products,44|Barley,2513|Barley and products,2513|Barley and products,tece,tece,
378,71|Rye,71|Rye,Rye,2515|Rye and products,71|Rye,2515|Rye and products,2515|Rye and products,tece,tece,
379,75|Oats,75|Oats,Oats,2516|Oats,75|Oats,2516|Oats,2516|Oats,tece,tece,
380,101|Canary seed,101|Canary seed,Canary seed,"2520|Cereals, Other",101|Canary seed,"2520|Cereals, Other","2520|Cereals, Other",tece,tece,
381,"103|Grain, mixed",103|Mixed grain,"Grain, mixed","2520|Cereals, Other","103|Grain, mixed","2520|Cereals, Other","2520|Cereals, Other",tece,tece,
382,"108|Cereals, nes",,"Cereals, nes","2520|Cereals, Other","108|Cereals, nes","2520|Cereals, Other","2520|Cereals, Other",tece,tece,
383,"108|Cereals, nes",,"Cereals, nes","2520|Cereals, Other",108|Cereals nes,"2520|Cereals, Other","2520|Cereals, Other",tece,tece,
384,68|Popcorn,,Popcorn,"2520|Cereals, Other",68|Popcorn,"2520|Cereals, Other","2520|Cereals, Other",tece,tece,
385,89|Buckwheat,89|Buckwheat,Buckwheat,"2520|Cereals, Other",89|Buckwheat,"2520|Cereals, Other","2520|Cereals, Other",tece,tece,
386,92|Quinoa,92|Quinoa,Quinoa,"2520|Cereals, Other",92|Quinoa,"2520|Cereals, Other","2520|Cereals, Other",tece,tece,
387,94|Fonio,94|Fonio,Fonio,"2520|Cereals, Other",94|Fonio,"2520|Cereals, Other","2520|Cereals, Other",tece,tece,
388,97|Triticale,97|Triticale,Triticale,"2520|Cereals, Other",97|Triticale,"2520|Cereals, Other","2520|Cereals, Other",tece,tece,
389,79|Millet,79|Millet,Millet,2517|Millet and products,79|Millet,2517|Millet and products,2517|Millet and products,trce,trce,
390,83|Sorghum,83|Sorghum,Sorghum,2518|Sorghum and products,83|Sorghum,2518|Sorghum and products,2518|Sorghum and products,trce,trce,
391,,,,"2739|Milk, Skimmed",,,,,,
392,"27|Rice, paddy",27|Rice,"Rice, paddy",2805|Rice (Milled Equivalent),,,,,,
393,"28|Rice, husked",28|Husked rice,"Rice, husked",2805|Rice (Milled Equivalent),,,,,,
394,"29|Rice, milled/husked","29|Rice, milled (husked)","Rice, milled/husked",2805|Rice (Milled Equivalent),,,,,,
395,"31|Rice, milled","31|Rice, milled","Rice, milled",2805|Rice (Milled Equivalent),,,,,,
396,"32|Rice, broken","32|Rice, broken","Rice, broken",2805|Rice (Milled Equivalent),,,,,,
397,"33|Gluten, rice",,"Gluten, rice",2805|Rice (Milled Equivalent),,,,,,
398,"34|Starch, rice",,"Starch, rice",2805|Rice (Milled Equivalent),,,,,,
399,"35|Bran, rice",,"Bran, rice",2805|Rice (Milled Equivalent),,,,,,
400,"38|Flour, rice",38|Flour of rice,"Flour, rice",2805|Rice (Milled Equivalent),,,,,,
401,110|Wafers,"110|Communion wafers, empty cachets of a kind suitable for pharmaceutical use, sealing wafers, rice paper and similar products.",Wafers,2511|Wheat and products,,,,,,
402,114|Mixes and doughs,114|Mixes and doughs for the preparation of bakers' wares,Mixes and doughs,2511|Wheat and products,,,,,,
403,"115|Food preparations, flour, malt extract","115|Food preparations of flour, meal or malt extract","Food preparations, flour, malt extract",2511|Wheat and products,,,,,,
404,"16|Flour, wheat",16|Wheat and meslin flour,"Flour, wheat",2511|Wheat and products,,,,,,
405,"17|Bran, wheat",17|Bran of wheat,"Bran, wheat",2511|Wheat and products,,,,,,
406,18|Macaroni,"18|Uncooked pasta, not stuffed or otherwise prepared",Macaroni,2511|Wheat and products,,,,,,
407,"19|Germ, wheat",,"Germ, wheat",2511|Wheat and products,,,,,,
408,20|Bread,20|Bread,Bread,2511|Wheat and products,,,,,,
409,21|Bulgur,21|Bulgur,Bulgur,2511|Wheat and products,,,,,,
410,22|Pastry,22|Pastry,Pastry,2511|Wheat and products,,,,,,
411,"23|Starch, wheat",,"Starch, wheat",2511|Wheat and products,,,,,,
412,"24|Gluten, wheat",,"Gluten, wheat",2511|Wheat and products,,,,,,
413,"41|Cereals, breakfast",41|Breakfast cereals,"Cereals, breakfast",2511|Wheat and products,,,,,,
414,"45|Barley, pot",,"Barley, pot",2513|Barley and products,,,,,,
415,"46|Barley, pearled","46|Barley, pearled","Barley, pearled",2513|Barley and products,,,,,,
416,"47|Bran, barley",,"Bran, barley",2513|Barley and products,,,,,,
417,"48|Flour, barley and grits",,"Flour, barley and grits",2513|Barley and products,,,,,,
418,49|Malt,"49|Malt, whether or not roasted",Malt,2513|Barley and products,,,,,,
419,50|Malt extract,,Malt extract,2513|Barley and products,,,,,,
420,"57|Germ, maize",57|Germ of maize,"Germ, maize",2514|Maize and products,,,,,,
421,"58|Flour, maize",58|Flour of maize,"Flour, maize",2514|Maize and products,,,,,,
422,"59|Bran, maize",59|Bran of maize,"Bran, maize",2514|Maize and products,,,,,,
423,"63|Gluten, maize",,"Gluten, maize",2514|Maize and products,,,,,,
424,"64|Starch, maize",,"Starch, maize",2514|Maize and products,,,,,,
425,"846|Feed and meal, gluten",846|Gluten feed and meal,"Feed and meal, gluten",2514|Maize and products,,,,,,
426,"72|Flour, rye",,"Flour, rye",2515|Rye and products,,,,,,
427,"73|Bran, rye",,"Bran, rye",2515|Rye and products,,,,,,
428,76|Oats rolled,"76|Oats, rolled",Oats rolled,2516|Oats,,,,,,
429,"77|Bran, oats",,"Bran, oats",2516|Oats,,,,,,
430,"80|Flour, millet",,"Flour, millet",2517|Millet and products,,,,,,
431,"81|Bran, millet",81|Bran of millet,"Bran, millet",2517|Millet and products,,,,,,
432,"84|Flour, sorghum",,"Flour, sorghum",2518|Sorghum and products,,,,,,
433,"85|Bran, sorghum",85|Bran of sorghum,"Bran, sorghum",2518|Sorghum and products,,,,,,
434,"104|Flour, mixed grain",104|Flour of mixed grain,"Flour, mixed grain","2520|Cereals, Other",,,,,,
435,"105|Bran, mixed grains",,"Bran, mixed grains","2520|Cereals, Other",,,,,,
436,"111|Flour, cereals",111|Flour of cereals n.e.c.,"Flour, cereals","2520|Cereals, Other",,,,,,
437,"112|Bran, cereals nes",,"Bran, cereals nes","2520|Cereals, Other",,,,,,
438,"113|Cereal preparations, nes",113|Cereal preparations,"Cereal preparations, nes","2520|Cereals, Other",,,,,,
439,"90|Flour, buckwheat",,"Flour, buckwheat","2520|Cereals, Other",,,,,,
440,"91|Bran, buckwheat",91|Bran of buckwheat,"Bran, buckwheat","2520|Cereals, Other",,,,,,
441,"95|Flour, fonio",,"Flour, fonio","2520|Cereals, Other",,,,,,
442,"96|Bran, fonio",,"Bran, fonio","2520|Cereals, Other",,,,,,
443,"98|Flour, triticale",,"Flour, triticale","2520|Cereals, Other",,,,,,
444,"99|Bran, triticale",,"Bran, triticale","2520|Cereals, Other",,,,,,
445,"117|Flour, potatoes","117|Flour, meal, powder, flakes, granules and pellets of potatoes","Flour, potatoes",2531|Potatoes and products,,,,,,
446,"118|Potatoes, frozen","118|Potatoes, frozen","Potatoes, frozen",2531|Potatoes and products,,,,,,
447,"119|Starch, potatoes",,"Starch, potatoes",2531|Potatoes and products,,,,,,
448,"121|Tapioca, potatoes",,"Tapioca, potatoes",2531|Potatoes and products,,,,,,
449,"126|Flour, cassava",126|Flour of cassava,"Flour, cassava",2532|Cassava and products,,,,,,
450,"127|Tapioca, cassava",,"Tapioca, cassava",2532|Cassava and products,,,,,,
451,128|Cassava dried,"128|Cassava, dry",Cassava dried,2532|Cassava and products,,,,,,
452,"129|Starch, cassava",129|Starch of cassava,"Starch, cassava",2532|Cassava and products,,,,,,
453,"150|Flour, roots and tubers nes",150|Flour of roots and tubers n.e.c.,"Flour, roots and tubers nes","2534|Roots, Other",,,,,,
454,151|Roots and tubers dried,,Roots and tubers dried,"2534|Roots, Other",,,,,,
455,"158|Sugar, cane, raw, centrifugal",,"Sugar, cane, raw, centrifugal",2542|Sugar (Raw Equivalent),,,,,,
456,"159|Sugar, beet, raw, centrifugal",,"Sugar, beet, raw, centrifugal",2542|Sugar (Raw Equivalent),,,,,,
457,164|Sugar refined,164|Refined sugar,Sugar refined,2542|Sugar (Raw Equivalent),,,,,,
458,168|Sugar confectionery,168|Sugar confectionery,Sugar confectionery,2542|Sugar (Raw Equivalent),,,,,,
459,171|Sugar flavoured,,Sugar flavoured,2542|Sugar (Raw Equivalent),,,,,,
460,154|Fructose chemically pure,,Fructose chemically pure,"2543|Sweeteners, Other",,,,,,
461,155|Maltose chemically pure,,Maltose chemically pure,"2543|Sweeteners, Other",,,,,,
462,160|Maple sugar and syrups,"160|Refined cane or beet sugar, in solid form, containing added flavouring or colouring matter; maple sugar and maple syrup",Maple sugar and syrups,"2543|Sweeteners, Other",,,,,,
463,165|Molasses,165|Molasses,Molasses,"2543|Sweeteners, Other",,,,,,
464,"166|Fructose and syrup, other",166|Other fructose and syrup,"Fructose and syrup, other","2543|Sweeteners, Other",,,,,,
465,"167|Sugar, nes",167|Sugar and syrups n.e.c.,"Sugar, nes","2543|Sweeteners, Other",,,,,,
466,172|Glucose and dextrose,172|Glucose and dextrose,Glucose and dextrose,"2543|Sweeteners, Other",,,,,,
467,173|Lactose,173|Lactose,Lactose,"2543|Sweeteners, Other",,,,,,
468,175|Isoglucose,,Isoglucose,"2543|Sweeteners, Other",,,,,,
469,"633|Beverages, non alcoholic",633|Other non-alcoholic caloric beverages,"Beverages, non alcoholic","2543|Sweeteners, Other",,,,,,
470,"212|Flour, pulses",212|Flour of pulses,"Flour, pulses","2549|Pulses, Other and products",,,,,,
471,"213|Bran, pulses",,"Bran, pulses","2549|Pulses, Other and products",,,,,,
472,"229|Brazil nuts, shelled","229|Brazil nuts, shelled","Brazil nuts, shelled",2551|Nuts and products,,,,,,
473,"230|Cashew nuts, shelled","230|Cashew nuts, shelled","Cashew nuts, shelled",2551|Nuts and products,,,,,,
474,231|Almonds shelled,"231|Almonds, shelled",Almonds shelled,2551|Nuts and products,,,,,,
475,"232|Walnuts, shelled","232|Walnuts, shelled","Walnuts, shelled",2551|Nuts and products,,,,,,
476,"233|Hazelnuts, shelled","233|Hazelnuts, shelled","Hazelnuts, shelled",2551|Nuts and products,,,,,,
477,"235|Nuts, prepared (exc groundnuts)",235|Prepared nuts,"Nuts, prepared (exc groundnuts)",2551|Nuts and products,,,,,,
478,239|Soya sauce,239|Soya sauce,Soya sauce,2555|Soyabeans,,,,,,
479,240|Soya paste,240|Soya paste,Soya paste,2555|Soyabeans,,,,,,
480,241|Soya curd,,Soya curd,2555|Soyabeans,,,,,,
481,"242|Groundnuts, with shell",,"Groundnuts, with shell",2556|Groundnuts (Shelled Eq),,,,,,
482,"243|Groundnuts, shelled","243|Groundnuts, shelled","Groundnuts, shelled",2556|Groundnuts (Shelled Eq),,,,groundnut,groundnut,
483,"246|Groundnuts, prepared",246|Prepared groundnuts,"Groundnuts, prepared",2556|Groundnuts (Shelled Eq),,,,groundnut,groundnut,
484,247|Peanut butter,247|Peanut butter,Peanut butter,2556|Groundnuts (Shelled Eq),,,,,,
485,"295|Flour, mustard",295|Flour of mustard seed,"Flour, mustard",2558|Rape and Mustardseed,,,,,,
486,"250|Coconuts, desiccated","250|Coconuts, desiccated","Coconuts, desiccated",2560|Coconuts - Incl Copra,,,,,,
487,251|Copra,251|Copra,Copra,2560|Coconuts - Incl Copra,,,,,,
488,"254|Oil, palm fruit",,"Oil, palm fruit",2562|Palm kernels,"254|Oil, palm fruit",oilpalm,oilpalm,oilpalm,oilpalm,
489,"254|Oil, palm fruit",,"Oil, palm fruit",2562|Palm kernels,254|Oil palm fruit,oilpalm,oilpalm,oilpalm,oilpalm,
490,262|Olives preserved,262|Olives preserved,Olives preserved,2563|Olives (including preserved),,,,,,
491,312|Kapokseed shelled,,Kapokseed shelled,"2570|Oilcrops, Other",,,,,,
492,"343|Flour, oilseeds",,"Flour, oilseeds","2570|Oilcrops, Other",,,,,,
493,"293|Oil, mustard",,"Oil, mustard",2574|Rape and Mustard Oil,,,,,,
494,1276|Fatty acids,1276|Industrial monocarboxylic fatty acids, acid oils from refining,Fatty acids,2577|Palm Oil,,,,,
495,1277|Fatty substance residues,1277|Residues of fatty substances,Fatty substance residues,2577|Palm Oil,,,,,,
496,"274|Oil, olive residues",274|Oil of olive residues,"Oil, olive residues",2580|Olive Oil,,,,,,
497,"1241|Margarine, liquid",1241|Liquid margarine,"Margarine, liquid","2586|Oilcrops Oil, Other",,,,,,
498,"1273|Castor oil, hydrogenated (opal wax)",,"Castor oil, hydrogenated (opal wax)","2586|Oilcrops Oil, Other",,,,,,
499,"1274|Oil, boiled etc","1274|Animal or vegetable fats and oils and their fractions, chemically modified, except those hydrogenated, inter-esterified, re-esterified or elaidinized; inedible mixtures or preparations of animal or vegetable fats or oils","Oil, boiled etc","2586|Oilcrops Oil, Other",,,,,,
500,"1275|Oil, hydrogenated",,"Oil, hydrogenated","2586|Oilcrops Oil, Other",,,,,,
501,264|Butter of karite nuts,264|Butter of karite nuts,Butter of karite nuts,"2586|Oilcrops Oil, Other",,,,,,
502,"266|Oil, castor beans",266|Oil of castor beans,"Oil, castor beans","2586|Oilcrops Oil, Other",,,,,,
503,"276|Oil, tung nuts",,"Oil, tung nuts","2586|Oilcrops Oil, Other",,,,,,
504,"278|Oil, jojoba",,"Oil, jojoba","2586|Oilcrops Oil, Other",,,,,,
505,"297|Oil, poppy",297|Oil of poppy seed,"Oil, poppy","2586|Oilcrops Oil, Other",,,,,,
506,306|Vegetable tallow,306|Vegetable tallow,Vegetable tallow,"2586|Oilcrops Oil, Other",,,,,,
507,"307|Oil, stillingia",,"Oil, stillingia","2586|Oilcrops Oil, Other",,,,,,
508,"313|Oil, kapok",313|Oil of kapok,"Oil, kapok","2586|Oilcrops Oil, Other",,,,,,
509,"337|Oil, hempseed",,"Oil, hempseed","2586|Oilcrops Oil, Other",,,,,,
510,"340|Oil, vegetable origin nes","340|Other oil of vegetable origin, crude n.e.c.","Oil, vegetable origin nes","2586|Oilcrops Oil, Other",,,,,,
511,"664|Cocoa, butter","664|Cocoa butter, fat and oil","Cocoa, butter","2586|Oilcrops Oil, Other",,,,,,
512,"389|Juice, tomato, concentrated",,"Juice, tomato, concentrated",2601|Tomatoes and products,,,,,,
513,"390|Juice, tomato",390|Tomato juice,"Juice, tomato",2601|Tomatoes and products,,,,,,
514,"391|Tomatoes, paste",391|Paste of tomatoes,"Tomatoes, paste",2601|Tomatoes and products,,,,,,
515,"392|Tomatoes, peeled","392|Tomatoes, peeled (o/t vinegar)","Tomatoes, peeled",2601|Tomatoes and products,,,,,,
516,447|Sweet corn frozen,"447|Sweet corn, frozen",Sweet corn frozen,"2605|Vegetables, Other",,,,,,
517,448|Sweet corn prep or preserved,"448|Sweet corn, prepared or preserved",Sweet corn prep or preserved,"2605|Vegetables, Other",,,,,,
518,"450|Mushrooms, dried",,"Mushrooms, dried","2605|Vegetables, Other",,,,,,
519,"451|Mushrooms, canned",451|Canned mushrooms,"Mushrooms, canned","2605|Vegetables, Other",,,,,,
520,"464|Vegetables, dried nes",,"Vegetables, dried nes","2605|Vegetables, Other",,,,,,
521,"465|Vegetables, canned nes","465|Other vegetables and pulses, preserved other than by vinegar, acetic acid or sugar, n.e.c.","Vegetables, canned nes","2605|Vegetables, Other",,,,,,
522,"466|Juice, vegetables nes",,"Juice, vegetables nes","2605|Vegetables, Other",,,,,,
523,"469|Vegetables, dehydrated","469|Vegetables, dehydrated","Vegetables, dehydrated","2605|Vegetables, Other",,,,,,
524,471|Vegetables in vinegar,"471|Vegetables, pulses and potatoes, preserved by vinegar or acetic acid",Vegetables in vinegar,"2605|Vegetables, Other",,,,,,
525,"472|Vegetables, preserved nes",472|Vegetables preserved nes (o/t vinegar),"Vegetables, preserved nes","2605|Vegetables, Other",,,,,,
526,"473|Vegetables, frozen",473|Vegetables frozen,"Vegetables, frozen","2605|Vegetables, Other",,,,,,
527,"474|Vegetables, temporarily preserved",474|Other vegetables provisionally preserved,"Vegetables, temporarily preserved","2605|Vegetables, Other",,,,,,
528,"475|Vegetables, preserved, frozen",475|Vegetables preserved (frozen),"Vegetables, preserved, frozen","2605|Vegetables, Other",,,,,,
529,"476|Vegetables, homogenized preparations",476|Homogenized vegetable preparations,"Vegetables, homogenized preparations","2605|Vegetables, Other",,,,,,
530,"658|Coffee, substitutes containing coffee",658|Coffee substitutes,"Coffee, substitutes containing coffee","2605|Vegetables, Other",,,,,,
531,"491|Juice, orange, single strength",491|Orange juice,"Juice, orange, single strength","2611|Oranges, Mandarines",,,,,,
532,"492|Juice, orange, concentrated","492|Orange juice, concentrated","Juice, orange, concentrated","2611|Oranges, Mandarines",,,,,,
533,"496|Juice, tangerine",,"Juice, tangerine","2611|Oranges, Mandarines",,,,,,
534,"498|Juice, lemon, single strength",498|Juice of lemon,"Juice, lemon, single strength","2612|Lemons, Limes and products",,,,,,
535,"499|Juice, lemon, concentrated","499|Lemon juice, concentrated","Juice, lemon, concentrated","2612|Lemons, Limes and products",,,,,,
536,"509|Juice, grapefruit",509|Grapefruit juice,"Juice, grapefruit",2613|Grapefruit and products,,,,,,
537,"510|Juice, grapefruit, concentrated","510|Grapefruit juice, concentrated","Juice, grapefruit, concentrated",2613|Grapefruit and products,,,,,,
538,"513|Juice, citrus, single strength",513|Juice of citrus fruit n.e.c.,"Juice, citrus, single strength","2614|Citrus, Other",,,,,,
539,"514|Juice, citrus, concentrated","514|Citrus juice, concentrated n.e.c.","Juice, citrus, concentrated","2614|Citrus, Other",,,,,,
540,"518|Juice, apple, single strength",518|Apple juice,"Juice, apple, single strength",2617|Apples and products,,,,,,
541,"519|Juice, apple, concentrated","519|Apple juice, concentrated","Juice, apple, concentrated",2617|Apples and products,,,,,,
542,575|Pineapples canned,"575|Pineapples, otherwise prepared or preserved",Pineapples canned,2618|Pineapples and products,,,,,,
543,"576|Juice, pineapple",576|Pineapple juice,"Juice, pineapple",2618|Pineapples and products,,,,,,
544,"580|Juice, pineapple, concentrated","580|Juice of pineapples, concentrated","Juice, pineapple, concentrated",2618|Pineapples and products,,,,,,
545,561|Raisins,561|Raisins,Raisins,2620|Grapes and products (excl wine),,,,,,
546,"562|Juice, grape",562|Grape juice,"Juice, grape",2620|Grapes and products (excl wine),,,,,,
547,"563|Grapes, must",,"Grapes, must",2620|Grapes and products (excl wine),,,,,,
548,"527|Apricots, dry","527|Apricots, dried","Apricots, dry","2625|Fruits, Other",,,,,,
549,537|Plums dried (prunes),"537|Plums, dried",Plums dried (prunes),"2625|Fruits, Other",,,,,,
550,"538|Juice, plum, single strength",,"Juice, plum, single strength","2625|Fruits, Other",,,,,,
551,"539|Juice, plum, concentrated","539|Juice of plum, concentrated","Juice, plum, concentrated","2625|Fruits, Other",,,,,,
552,570|Figs dried,"570|Figs, dried",Figs dried,"2625|Fruits, Other",,,,,,
553,"583|Juice, mango",,"Juice, mango","2625|Fruits, Other",,,,,,
554,"604|Fruit, tropical dried nes",,"Fruit, tropical dried nes","2625|Fruits, Other",,,,,,
555,"620|Fruit, dried nes","620|Other fruit n.e.c., dried","Fruit, dried nes","2625|Fruits, Other",,,,,,
556,"622|Juice, fruit nes",622|Juice of fruits n.e.c.,"Juice, fruit nes","2625|Fruits, Other",,,,,,
557,"623|Fruit, prepared nes",623|Fruit prepared n.e.c.,"Fruit, prepared nes","2625|Fruits, Other",,,,,,
558,"624|Flour, fruit",,"Flour, fruit","2625|Fruits, Other",,,,,,
559,"625|Fruits, nuts, peel, sugar preserved",,"Fruits, nuts, peel, sugar preserved","2625|Fruits, Other",,,,,,
560,"626|Fruit, cooked, homogenized preparations","626|Homogenized cooked fruit, prepared","Fruit, cooked, homogenized preparations","2625|Fruits, Other",,,,,,
561,"657|Coffee, roasted","657|Coffee, decaffeinated or roasted","Coffee, roasted",2630|Coffee and products,,,,,,
562,"659|Coffee, extracts",659|Coffee extracts,"Coffee, extracts",2630|Coffee and products,,,,,,
563,"662|Cocoa, paste",662|Cocoa paste not defatted,"Cocoa, paste",2633|Cocoa Beans and products,,,,,,
564,"665|Cocoa, powder and cake",665|Cocoa powder and cake,"Cocoa, powder and cake",2633|Cocoa Beans and products,,,,,,
565,666|Chocolate products nes,666|Chocolate products nes,Chocolate products nes,2633|Cocoa Beans and products,,,,,,
566,"672|Tea, mate extracts","672|Extracts, essences and concentrates of tea or mate, and preparations with a basis thereof or with a basis of tea or mate","Tea, mate extracts",2635|Tea (including mate),,,,,,
567,565|Vermouths and similar,565|Vermouth and other wine of fresh grapes flavoured with plats or aromatic substances,Vermouths and similar,2655|Wine,,,,,,
568,,,,"2738|Milk, Whole",,,,,,
569,,,,2741|Cheese,,,,,,
570,,,,2742|Whey,,,,,,
571,"1063|Eggs, liquid","1063|Eggs, liquid","Eggs, liquid",2744|Eggs,,,,,,
572,"1064|Eggs, dried","1064|Eggs, dried","Eggs, dried",2744|Eggs,,,,,,
573,916|Egg albumine,,Egg albumine,2744|Eggs,,,,,,
574,,,,2746|Wool (Clean Eq),,,,,,
575,,,,2747|Silk,,,,,,
576,,,,2748|Hides and skins,,,,,,
577,,,,2749|Meat Meal,,,,,,
578,,,,2815|Roots & Tuber Dry Equiv,,,,,,
579,,,,"2827|Sugar, Raw Equivalent",,,,,,
580,"1023|Milk, skimmed goat",,"Milk, skimmed goat",2848|Milk - Excluding Butter,,,,,,
581,"892|Yoghurt, concentrated or not","892|Yoghurt, with additives","Yoghurt, concentrated or not",2848|Milk - Excluding Butter,,,,,,
582,"893|Buttermilk, curdled, acidified milk","893|Buttermilk, curdled and acidified milk","Buttermilk, curdled, acidified milk",2848|Milk - Excluding Butter,,,,,,
583,"903|Whey, fresh",,"Whey, fresh",2848|Milk - Excluding Butter,,,,,,
584,"905|Whey, cheese",,"Whey, cheese",2848|Milk - Excluding Butter,,,,,,
585,"907|Cheese, processed",907|Processed cheese,"Cheese, processed",2848|Milk - Excluding Butter,,,,,,
586,"908|Milk, reconstituted",,"Milk, reconstituted",2848|Milk - Excluding Butter,,,,,,
587,"909|Milk, products of natural constituents nes",909|Dairy products n.e.c.,"Milk, products of natural constituents nes",2848|Milk - Excluding Butter,,,,,,
588,910|Ice cream and edible ice,910|Ice cream and other edible ice,Ice cream and edible ice,2848|Milk - Excluding Butter,,,,,,
589,917|Casein,,Casein,2848|Milk - Excluding Butter,,,,,,
590,"954|Milk, skimmed buffalo",,"Milk, skimmed buffalo",2848|Milk - Excluding Butter,,,,,,
591,"985|Milk, skimmed sheep",,"Milk, skimmed sheep",2848|Milk - Excluding Butter,,,,,,
592,"1018|Offals, edible, goats","1018|Edible offal of goat, fresh, chilled or frozen","Offals, edible, goats",,,,,,,
593,"1019|Fat, goats",,"Fat, goats",,,,,,,
594,1022|Butter of goat mlk,,Butter of goat mlk,,,,,,,
595,"1036|Offals, pigs, edible","1036|Edible offal of pigs, fresh, chilled or frozen","Offals, pigs, edible",,,,,,,
596,"1037|Fat, pigs",1037|Fat of pigs,"Fat, pigs",,,,,,,
597,"1038|Meat, pork","1038|Meat of pig boneless, fresh or chilled","Meat, pork",,,,,livst_pig,livst_pig,
598,1039|Bacon and ham,"1039|Pig meat, cuts, salted, dried or smoked (bacon and ham)",Bacon and ham,,,,,,,
599,"1040|Fat, pig butcher",,"Fat, pig butcher",,,,,,,
600,"1041|Meat, pig sausages","1041|Sausages and similar products of meat, offal or blood of pig","Meat, pig sausages",,,,,,,
601,"1042|Meat, pig, preparations",1042|Pig meat preparations,"Meat, pig, preparations",,,,,,,
602,"1059|Offals, liver chicken","1059|Edible offals and liver of chickens and guinea fowl, fresh, chilled or frozen","Offals, liver chicken",,,,,,,
603,"1060|Fat, liver prepared (foie gras)",1060|Fatty liver preparations,"Fat, liver prepared (foie gras)",,,,,,,
604,"1061|Meat, chicken, canned",1061|Poultry meat preparations,"Meat, chicken, canned",,,,,,,
605,"1065|Fat, poultry",,"Fat, poultry",,,,,,,
606,"1066|Fat, poultry, rendered",,"Fat, poultry, rendered",,,,,,,
607,"1074|Offals, liver geese","1074|Edible offals and liver of geese, fresh, chilled or frozen","Offals, liver geese",,,,,,,
608,"1075|Offals, liver duck","1075|Edible offals and liver of ducks, fresh, chilled or frozen","Offals, liver duck",,,,,,,
609,"1081|Offals, liver turkeys",,"Offals, liver turkeys",,,,,,,
610,"1098|Offals, horses",,"Offals, horses",,,,,,,
611,"1128|Offals, edible, camels",,"Offals, edible, camels",,,,,,,
612,"1129|Fat, camels",1129|Fat of camels,"Fat, camels",,,,,,,
613,"1159|Offals, other camelids",,"Offals, other camelids",,,,,,,
614,"1160|Fat, other camelids",,"Fat, other camelids",,,,,,,
615,"1164|Meat, dried nes","1164|Other meat and edible meat offal, salted, in brine, dried or smoked; edible flours and meals of meat or meat offal","Meat, dried nes",,,,,,,
616,"1168|Oils, fats of animal nes",1168|Animal oils and fats n.e.c.,"Oils, fats of animal nes",,,,,,,
617,"1172|Meat, nes, preparations",,"Meat, nes, preparations",,,,,,,
618,1221|Lard stearine oil,,Lard stearine oil,,,,,,,
619,1222|Degras,,Degras,,,,,,,
620,"1243|Fat, nes, prepared",1243|Fat preparations n.e.c.,"Fat, nes, prepared",,,,,,,
621,"868|Offals, edible, cattle","868|Edible offal of cattle, fresh, chilled or frozen","Offals, edible, cattle",,,,,,,
622,"869|Fat, cattle","869|Cattle fat, unrendered","Fat, cattle",,,,,,,
623,"870|Meat, cattle, boneless (beef and veal)","870|Meat of cattle boneless, fresh or chilled","Meat, cattle, boneless (beef and veal)",2731|Bovine Meat,"867|Meat, cattle",2731|Bovine Meat,2731|Bovine Meat,livst_rum,livst_rum,
624,"871|Fat, cattle butcher",,"Fat, cattle butcher",,,,,,,
625,"872|Meat, beef, dried, salted, smoked",,"Meat, beef, dried, salted, smoked",,,,,,,
626,"873|Meat, extracts",,"Meat, extracts",,,,,,,
627,"874|Meat, beef and veal sausages","874|Sausages and similar products of meat, offal or blood of beef and veal","Meat, beef and veal sausages",,,,,,,
628,"875|Meat, beef, preparations",875|beef and veal preparations nes,"Meat, beef, preparations",,,,,,,
629,"876|Meat, beef, canned",,"Meat, beef, canned",,,,,,,
630,"877|Meat, homogenized preparations",,"Meat, homogenized preparations",,,,,,,
631,878|Liver prep,,Liver prep,,,,,,,
632,"948|Offals, edible, buffaloes",,"Offals, edible, buffaloes",,,,,,,
633,"949|Fat, buffaloes",,"Fat, buffaloes",,,,,,,
634,"978|Offals, sheep,edible","978|Edible offal of sheep, fresh, chilled or frozen","Offals, sheep,edible",,,,,,,
635,"979|Fat, sheep",,"Fat, sheep",,,,,,,
636,994|Grease incl lanolin wool,994|Wool grease and lanolin,Grease incl lanolin wool,,,,,,,
637,,828|Cigarettes,,,,,,,,
638,,1293|Crude organic material n.e.c.,,,,,,,,
639,,"831|Other manufactured tobacco and manufactured tobacco substitutes; ""homogenized"" or ""reconstituted"" tobacco; tobacco extracts and essences",,,,,,,,
640,,1232|Food preparations n.e.c.,,,,,,,,
642,,"1169|Other live animals non food, n.e.c.",,,,,,,,
643,,677|Hop cones,,,,,,,,
644,,"767|Cotton lint, ginned",,,,,,,,
645,,826|Unmanufactured tobacco,,,,,,,,
647,,652|Vegetable products for feed n.e.c.,,,,,,,,
648,,1057|Chickens,,,,,,,,
649,,"30|Rice, paddy (rice milled equivalent)",,,,,,rice_pro,rice_pro,new bilateral trade matrix product
650,,"843|Dog or cat food, put up for retail sale",,,,,,,,
651,,"1171|Other live animals, n.e.c.",,,,,,,,
652,,"988|Wool, degreased or carbonized, not carded or combed",,,,,,,,
653,,829|Cigars and cheroots,,,,,,,,
654,,"768|Cotton, carded or combed",,,,,,,,
655,,753|Essential oils n.e.c.,,,,,,,,
656,,866|Cattle,,,,,,,,
657,,1150|Other rodents,,,,,,,,
658,,653|Food wastes,,,,,,,,
659,,"999|Raw hides and skins of sheep or lambs, with wool",,,,,,,,
660,,"460|Vegetable products, fresh or dry n.e.c.",,,,,,,,
661,,"920|Hides, wet-salted of cattle",,,,,,,,
662,,1107|Asses,,,,,,,,
663,,"1218|Fine animal hair, n.e.c.",,,,,,,,
664,,836|Natural rubber in primary forms,,,,,,,,
665,,631|Ice and snow,,,,,,,,
666,,1183|Beeswax,,,,,,,,
667,,1181|Bees,,,,,,,,
668,,837|Natural rubber in other forms,,,,,,,,
669,,660|Coffee husks and skins,,,,,,,,
670,,1016|Goats,,,,,,,,
671,,1187|Silk waste,,,,,,,,
672,,769|Cotton waste,,,,,,,,
673,,"651|Other forage products, n.e.c.",,,,,,,,
674,,"628|Pulp, waste of fruit for feed",,,,,,,,
676,,"987|Shorn wool, greasy, including fleece-washed shorn wool",,,,,,,,
677,,"754|Pyrethrum, dried flowers",,,,,,,,
678,,"780|Jute, raw or retted",,,,,,,,
679,,845|Compound feed n.e.c.,,,,,,,,
680,,862|Lucerne (alfalfa) meal and pellets,,,,,,,,
681,,1096|Horses,,,,,,,,
683,,"1216|Other raw skins of other animals, preserved",,,,,,,,
684,,169|Beet pulp,,,,,,,,
685,,"1009|Wool, hair waste",,,,,,,,
686,,1034|Swine / pigs,,,,,,,,
687,,"928|Skins, wet-salted of calves",,,,,,,,
689,,"821|Other fibre crops, raw, n.e.c.",,,,,,,,
691,,946|Buffalo,,,,,,,,
692,,"809|Abaca, manila hemp, raw",,,,,,,,
693,,1126|Camels,,,,,,,,
694,,"748|Peppermint, spearmint",,,,,,,,
696,,"813|Coir, raw",,,,,,,,
697,,"1026|Skins, wet-salted of goats",,,,,,,,
698,,"773|Flax, processed but not spun",,,,,,,,
699,,"771|Flax, raw or retted",,,,,,,,
701,,1173|Meat meal,,,,,,,,
702,,1068|Ducks,,,,,,,,
703,,770|Cotton linters,,,,,,,,
704,,"997|Skins, dry-salted of sheep",,,,,,,,
705,,654|Brewing or distilling dregs and waste,,,,,,,,
706,,"1296|Vegetable waxes (other than triglycerides), whether or not refined or coloured",,,,,,,,
707,,976|Sheep,,,,,,,,
708,,"635|Cereal straw, husks, unprepared, ground, pressed, or in the form of pellets",,,,,,,,
709,,850|Feed supplements,,,,,,,,
710,,1186|Raw silk (not thrown),,,,,,,,
711,,737|Oil of citronella,,,,,,,,
712,,1140|Rabbits and hares,,,,,,,,
713,,755|Pyrethrum extract,,,,,,,,
714,,"774|Flax, tow and waste",,,,,,,,
716,,1110|Mules and hinnies,,,,,,,,
717,,1079|Turkeys,,,,,,,,
718,,1083|Other birds,,,,,,,,
719,,"996|Skins, wet-salted of sheep",,,,,,,,
720,,1185|Silk-worm cocoons suitable for reeling,,,,,,,,
722,,1031|Coarse goat hair,,,,,,,,
724,,"1104|Hides, dry-salted of horses",,,,,,,,
725,,1157|Other camelids,,,,,,,,
726,,"859|Hay for forage, from other crops n.e.c.",,,,,,,,
727,,855|Feed minerals,,,,,,,,
729,,120|Potato offals,,,,,,,,
730,,"858|Hay for forage, from legumes",,,,,,,,
731,,"958|Hides, wet-salted of buffalo",,,,,,,,
732,,919|Raw hides and skins of cattle,,,,,,,,
733,,"959|Hides, dry-salted of buffalo",,,,,,,,
734,,"1213|Other raw skins of other animals, fresh",,,,,,,,
735,,"778|Kapok fibre, raw",,,,,,,,
736,,853|Vitamins,,,,,,,,
738,,"646|Turnips, for forage",,,,,,,,
739,,"1134|Hides, wet-salted of camels",,,,,,,,
742,,630|Cane tops,,,,,,,,
