iea_product;iea_flows;REMINDitems_in;REMINDitems_out;REMINDitems_tech;Weight;EDGEitems;EDGE_buildings;Comment
ADDITIVE;AGRICULT;seliqfos;fehoi;tdfoshoi;1;feagrliquid;;
ADDITIVE;AVBUNK;seliqfos;fedie;tdfosdie;-1;fetraliquid;;
ADDITIVE;AVBUNK;peoil;seliqfos;refliq;-1;;;
ADDITIVE;AVBUNK;rep_seliq;rep_fedie;rep_bunkers;-1;;;
ADDITIVE;COMMPUB;seliqfos;fehob;tdfoshob;1;feserliquid;petrol;
ADDITIVE;DISTLOSS;peoil;seliqfos;refliq;-1;;;
ADDITIVE;DOMESAIR;seliqfos;fedie;tdfosdie;1;fetraliquid;;
ADDITIVE;DOMESNAV;seliqfos;fedie;tdfosdie;1;fetraliquid;;
ADDITIVE;EBLASTFUR;seliqfos;fehoi;tdfoshoi;-1;feindliquid;;
ADDITIVE;ECOKEOVS;seliqfos;fehoi;tdfoshoi;-1;feindliquid;;
ADDITIVE;ELAUTOE;peoil;seel;dot;1;;;
ADDITIVE;ELMAINE;peoil;seel;dot;1;;;
ADDITIVE;FISHING;seliqfos;fehoi;tdfoshoi;1;feagrliquid;;
ADDITIVE;MARBUNK;seliqfos;fedie;tdfosdie;-1;fetraliquid;;
ADDITIVE;MARBUNK;peoil;seliqfos;refliq;-1;;;
ADDITIVE;MARBUNK;rep_seliq;rep_fedie;rep_bunkers;-1;;;
ADDITIVE;NEINTREN;seliqfos;fehoi;tdfoshoi;0;;;
ADDITIVE;NEOTHER;seliqfos;fehob;tdfoshob;0;;;
ADDITIVE;NETRANS;seliqfos;fedie;tdfosdie;0;fetraliquid;;
ADDITIVE;NONENUSE;seliqfos;fehoi;tdfoshoi;1;fenonliquid;;
ADDITIVE;NONENUSE;rep_seliq;rep_feho;rep_nonenergy;1;;;
ADDITIVE;ONONSPEC;seliqfos;fehob;tdfoshob;1;feothliquid;;
ADDITIVE;PIPELINE;seliqfos;fedie;tdfosdie;0;fetraliquid;;
ADDITIVE;RAIL;seliqfos;fedie;tdfosdie;1;fetraliquid;;
ADDITIVE;RESIDENT;seliqfos;fehob;tdfoshob;1;feresliquid;petrol;
ADDITIVE;ROAD;seliqfos;fepet;tdfospet;1;fetraliquid;;
ADDITIVE;TBLASTFUR;seliqfos;fehoi;tdfoshoi;-1;feindliquid;;
ADDITIVE;TCOKEOVS;seliqfos;fehoi;tdfoshoi;-1;feindliquid;;
ADDITIVE;TFC;peoil;seliqfos;refliq;1;;;
ADDITIVE;TGASWKS;seliqfos;fehoi;tdfoshoi;-1;feindliquid;;
ADDITIVE;TOTIND;seliqfos;fehoi;tdfoshoi;1;feindliquid;;
ADDITIVE;TRNONSPE;seliqfos;fedie;tdfosdie;1;fetraliquid;;
ANTCOAL;AGRICULT;sesofos;fesoi;tdfossoi;1;feagrsolid;;
ANTCOAL;COMMPUB;sesofos;fesob;tdfossob;1;fesercoal;coal;
ANTCOAL;DISTLOSS;pecoal;sesofos;coaltr;-1;;;
ANTCOAL;EBLASTFUR;sesofos;fesoi;tdfossoi;-1;feindsolid;;
ANTCOAL;ECOKEOVS;sesofos;fesoi;tdfossoi;0;feindsolid;;
ANTCOAL;ELAUTOC;pecoal;seel;coalchp;1;;;
ANTCOAL;ELAUTOE;pecoal;seel;pc;1;;;
ANTCOAL;ELMAINC;pecoal;seel;coalchp;1;;;
ANTCOAL;ELMAINE;pecoal;seel;pc;1;;;
ANTCOAL;FISHING;sesofos;fesoi;tdfossoi;1;feagrsolid;;
ANTCOAL;HEAUTOC;pecoal;sehe;coalchp;1;;;
ANTCOAL;HEAUTOH;pecoal;sehe;coalhp;1;;;
ANTCOAL;HEMAINC;pecoal;sehe;coalchp;1;;;
ANTCOAL;HEMAINH;pecoal;sehe;coalhp;1;;;
ANTCOAL;NONENUSE;sesofos;fesoi;tdfossoi;1;fenonsolid;;
ANTCOAL;NONENUSE;rep_seliq;rep_feho;rep_nonenergy;1;;;
ANTCOAL;ONONSPEC;sesofos;fesob;tdfossob;1;feothsolid;;
ANTCOAL;RAIL;sesofos;fesoi;tdfossoi;1;feindsolid;;
ANTCOAL;RESIDENT;sesofos;fesob;tdfossob;1;ferescoal;coal;
ANTCOAL;TBLASTFUR;sesofos;fesoi;tdfossoi;-1;feindsolid;;
ANTCOAL;TBLASTFUR;pecoal;sesofos;coaltr;-1;;;
ANTCOAL;TCOKEOVS;sesofos;fesoi;tdfossoi;0;feindsolid;;
ANTCOAL;TFC;pecoal;sesofos;coaltr;1;;;
ANTCOAL;TGASWKS;sesofos;fesoi;tdfossoi;0;feindsolid;;
ANTCOAL;TOTIND;sesofos;fesoi;tdfossoi;1;feindsolid;;
AVGAS;AGRICULT;seliqfos;fehoi;tdfoshoi;1;feagrliquid;;
AVGAS;AVBUNK;seliqfos;fedie;tdfosdie;-1;fetraliquid;;
AVGAS;AVBUNK;peoil;seliqfos;refliq;-1;;;
AVGAS;AVBUNK;rep_seliq;rep_fedie;rep_bunkers;-1;;;
AVGAS;COMMPUB;seliqfos;fehob;tdfoshob;1;feserliquid;petrol;
AVGAS;DISTLOSS;peoil;seliqfos;refliq;-1;;;
AVGAS;DOMESAIR;seliqfos;fedie;tdfosdie;1;fetraliquid;;
AVGAS;DOMESNAV;seliqfos;fedie;tdfosdie;1;fetraliquid;;
AVGAS;EBLASTFUR;seliqfos;fehoi;tdfoshoi;-1;feindliquid;;
AVGAS;ECOKEOVS;seliqfos;fehoi;tdfoshoi;-1;feindliquid;;
AVGAS;ELAUTOE;peoil;seel;dot;1;;;
AVGAS;ELMAINE;peoil;seel;dot;1;;;electricity from gas produced from coal is counted as coal->electricity
AVGAS;FISHING;seliqfos;fehoi;tdfoshoi;1;feagrliquid;;
AVGAS;MARBUNK;seliqfos;fedie;tdfosdie;-1;fetraliquid;;
AVGAS;MARBUNK;peoil;seliqfos;refliq;-1;;;
AVGAS;MARBUNK;rep_seliq;rep_fedie;rep_bunkers;-1;;;
AVGAS;NEINTREN;seliqfos;fehoi;tdfoshoi;0;;;
AVGAS;NEOTHER;seliqfos;fehob;tdfoshob;0;;;
AVGAS;NETRANS;seliqfos;fedie;tdfosdie;0;fetraliquid;;
AVGAS;NONENUSE;seliqfos;fehoi;tdfoshoi;1;fenonliquid;;
AVGAS;NONENUSE;rep_seliq;rep_feho;rep_nonenergy;1;;;
AVGAS;ONONSPEC;seliqfos;fehob;tdfoshob;1;feothliquid;;
AVGAS;PIPELINE;seliqfos;fedie;tdfosdie;0;fetraliquid;;
AVGAS;RAIL;seliqfos;fedie;tdfosdie;1;fetraliquid;;
AVGAS;RESIDENT;seliqfos;fehob;tdfoshob;1;feresliquid;petrol;
AVGAS;ROAD;seliqfos;fedie;tdfosdie;1;fetraliquid;;
AVGAS;TBLASTFUR;seliqfos;fehoi;tdfoshoi;-1;feindliquid;;
AVGAS;TCOKEOVS;seliqfos;fehoi;tdfoshoi;-1;feindliquid;;
AVGAS;TFC;peoil;seliqfos;refliq;1;;;
AVGAS;TGASWKS;seliqfos;fehoi;tdfoshoi;-1;feindliquid;;
AVGAS;TOTIND;seliqfos;fehoi;tdfoshoi;1;feindliquid;;
AVGAS;TRNONSPE;seliqfos;fedie;tdfosdie;1;fetraliquid;;
BIODIESEL;AGRICULT;seliqbio;fehoi;tdbiohoi;1;feagrliquid;;
BIODIESEL;AVBUNK;seliqbio;fedie;tdbiodie;-1;fetraliquid;;
BIODIESEL;COMMPUB;seliqbio;fehob;tdbiohob;1;feserliquid;petrol;
BIODIESEL;DOMESAIR;seliqbio;fedie;tdbiodie;1;fetraliquid;;
BIODIESEL;DOMESNAV;seliqbio;fedie;tdbiodie;1;fetraliquid;;
BIODIESEL;EBLASTFUR;seliqbio;fehoi;tdbiohoi;-1;feindliquid;;
BIODIESEL;ECOKEOVS;seliqbio;fehoi;tdbiohoi;-1;feindliquid;;
BIODIESEL;ELAUTOC;pebiolc;seel;biochp;1;;;
BIODIESEL;ELAUTOE;pebiolc;seel;bioigcc;1;;;
BIODIESEL;ELMAINC;pebiolc;seel;biochp;1;;;
BIODIESEL;ELMAINE;pebiolc;seel;bioigcc;1;;;
BIODIESEL;FISHING;seliqbio;fehoi;tdbiohoi;1;feagrliquid;;
BIODIESEL;HEAUTOC;pebiolc;sehe;biochp;1;;;
BIODIESEL;HEAUTOH;pebiolc;sehe;biohp;1;;;
BIODIESEL;HEMAINC;pebiolc;sehe;biochp;1;;;
BIODIESEL;HEMAINH;pebiolc;sehe;biohp;1;;;
BIODIESEL;MARBUNK;seliqbio;fedie;tdbiodie;-1;fetraliquid;;
BIODIESEL;NEINTREN;seliqbio;fehoi;tdbiohoi;0;;;
BIODIESEL;NEOTHER;seliqbio;fehob;tdbiohob;0;;;
BIODIESEL;NETRANS;seliqbio;fedie;tdbiodie;0;fetraliquid;;
BIODIESEL;NONENUSE;seliqbio;fehoi;tdbiohoi;1;fenonliquid;;
BIODIESEL;NONENUSE;rep_seliq;rep_feho;rep_nonenergy;1;;;
BIODIESEL;ONONSPEC;seliqbio;fehob;tdbiohob;1;feothliquid;;
BIODIESEL;PIPELINE;seliqbio;fedie;tdbiodie;0;fetraliquid;;
BIODIESEL;RAIL;seliqbio;fedie;tdbiodie;1;fetraliquid;;
BIODIESEL;RESIDENT;seliqbio;fehob;tdbiohob;1;feresliquid;petrol;
BIODIESEL;ROAD;seliqbio;fedie;tdbiodie;1;fetraliquid;;
BIODIESEL;TBLASTFUR;seliqbio;fehoi;tdbiohoi;-1;feindliquid;;
BIODIESEL;TCOKEOVS;seliqbio;fehoi;tdbiohoi;-1;feindliquid;;
BIODIESEL;TFC;pebioil;seliqbio;biodiesel;1;;;
BIODIESEL;TGASWKS;seliqbio;fehoi;tdbiohoi;-1;feindliquid;;
BIODIESEL;TOTIND;seliqbio;fehoi;tdbiohoi;1;feindliquid;;
BIODIESEL;TRNONSPE;seliqbio;fedie;tdbiodie;1;fetraliquid;;
BIOGASES;AGRICULT;segabio;fegai;tdbiogai;1;feagrgas;;
BIOGASES;AVBUNK;segabio;fegat;tdbiogat;-1;fetragas;;
BIOGASES;COMMPUB;segabio;fegab;tdbiogab;1;fesergas;natgas;
BIOGASES;DISTLOSS;pebiolc;segabio;biogas;-1;;;
BIOGASES;DOMESAIR;segabio;fegat;tdbiogat;1;fetragas;;
BIOGASES;DOMESNAV;segabio;fegat;tdbiogat;1;fetragas;;
BIOGASES;ELAUTOC;pebiolc;seel;biochp;1;;;
BIOGASES;ELAUTOE;pebiolc;seel;bioigcc;1;;;
BIOGASES;ELMAINC;pebiolc;seel;biochp;1;;;
BIOGASES;ELMAINE;pebiolc;seel;bioigcc;1;;;
BIOGASES;EREFINER;segabio;fegai;tdbiogai;-1;feindgas;;
BIOGASES;FISHING;segabio;fegai;tdbiogai;1;feagrgas;;
BIOGASES;HEAUTOC;pebiolc;sehe;biochp;1;;;
BIOGASES;HEAUTOH;pebiolc;sehe;biohp;1;;;
BIOGASES;HEMAINC;pebiolc;sehe;biochp;1;;;
BIOGASES;HEMAINH;pebiolc;sehe;biohp;1;;;
BIOGASES;MARBUNK;segabio;fegat;tdbiogat;-1;fetragas;;
BIOGASES;NONENUSE;segabio;fegai;tdbiogai;1;fenongas;;
BIOGASES;NONENUSE;rep_seliq;rep_feho;rep_nonenergy;1;;;
BIOGASES;ONONSPEC;segabio;fegab;tdbiogab;1;feothgas;;
BIOGASES;PIPELINE;segabio;fegat;tdbiogat;0;fetragas;;
BIOGASES;RAIL;segabio;fegat;tdbiogat;1;fetragas;;
BIOGASES;RESIDENT;segabio;fegab;tdbiogab;1;feresgas;natgas;
BIOGASES;ROAD;segabio;fegat;tdbiogat;1;fetragas;;
BIOGASES;TBLASTFUR;segabio;fegai;tdbiogai;1;feindgas;;
BIOGASES;TCOKEOVS;segabio;fegai;tdbiogai;1;feindgas;;
BIOGASES;TFC;pebiolc;segabio;biogas;1;;;
BIOGASES;TOTIND;segabio;fegai;tdbiogai;1;feindgas;;
BIOGASES;TREFINER;segabio;fegai;tdbiogai;-1;feindgas;;
BIOGASES;TRNONSPE;segabio;fegat;tdbiogat;1;fetragas;;
BIOGASOL;AGRICULT;seliqbio;fehoi;tdbiohoi;1;feagrliquid;;
BIOGASOL;AVBUNK;seliqbio;fedie;tdbiodie;-1;fetraliquid;;
BIOGASOL;COMMPUB;seliqbio;fehob;tdbiohob;1;feserliquid;petrol;
BIOGASOL;DOMESAIR;seliqbio;fedie;tdbiodie;1;fetraliquid;;
BIOGASOL;DOMESNAV;seliqbio;fedie;tdbiodie;1;fetraliquid;;
BIOGASOL;EBLASTFUR;seliqbio;fehoi;tdbiohoi;-1;feindliquid;;
BIOGASOL;ECOKEOVS;seliqbio;fehoi;tdbiohoi;-1;feindliquid;;
BIOGASOL;ELAUTOC;pebiolc;seel;biochp;1;;;
BIOGASOL;ELAUTOE;pebiolc;seel;bioigcc;1;;;
BIOGASOL;ELMAINC;pebiolc;seel;biochp;1;;;
BIOGASOL;ELMAINE;pebiolc;seel;bioigcc;1;;;
BIOGASOL;FISHING;seliqbio;fehoi;tdbiohoi;1;feagrliquid;;
BIOGASOL;HEAUTOC;pebiolc;sehe;biochp;1;;;
BIOGASOL;HEAUTOH;pebiolc;sehe;biohp;1;;;
BIOGASOL;HEMAINC;pebiolc;sehe;biochp;1;;;
BIOGASOL;HEMAINH;pebiolc;sehe;biohp;1;;;
BIOGASOL;MARBUNK;seliqbio;fedie;tdbiodie;-1;fetraliquid;;
BIOGASOL;NEINTREN;seliqbio;fehoi;tdbiohoi;0;;;
BIOGASOL;NEOTHER;seliqbio;fehob;tdbiohob;0;;;
BIOGASOL;NETRANS;seliqbio;fedie;tdbiodie;0;fetraliquid;;
BIOGASOL;NONENUSE;seliqbio;fehoi;tdbiohoi;1;fenonliquid;;
BIOGASOL;NONENUSE;rep_seliq;rep_feho;rep_nonenergy;1;;;
BIOGASOL;ONONSPEC;seliqbio;fehob;tdbiohob;1;feothliquid;;
BIOGASOL;PIPELINE;seliqbio;fedie;tdbiodie;0;fetraliquid;;
BIOGASOL;RAIL;seliqbio;fedie;tdbiodie;1;fetraliquid;;
BIOGASOL;RESIDENT;seliqbio;fehob;tdbiohob;1;feresliquid;petrol;
BIOGASOL;ROAD;seliqbio;fepet;tdbiopet;1;fetraliquid;;
BIOGASOL;TBLASTFUR;seliqbio;fehoi;tdbiohoi;-1;feindliquid;;
BIOGASOL;TCOKEOVS;seliqbio;fehoi;tdbiohoi;-1;feindliquid;;
BIOGASOL;TFC;pebios;seliqbio;bioeths;1;;;
BIOGASOL;TGASWKS;seliqbio;fehoi;tdbiohoi;-1;feindliquid;;
BIOGASOL;TOTIND;seliqbio;fehoi;tdbiohoi;1;feindliquid;;
BIOGASOL;TRNONSPE;seliqbio;fedie;tdbiodie;1;fetraliquid;;
BITCOAL;AGRICULT;sesofos;fesoi;tdfossoi;1;feagrsolid;;
BITCOAL;COMMPUB;sesofos;fesob;tdfossob;1;fesercoal;coal;
BITCOAL;DISTLOSS;pecoal;sesofos;coaltr;-1;;;
BITCOAL;EBLASTFUR;sesofos;fesoi;tdfossoi;-1;feindsolid;;
BITCOAL;ECOKEOVS;sesofos;fesoi;tdfossoi;0;feindsolid;;
BITCOAL;ELAUTOC;pecoal;seel;coalchp;1;;;
BITCOAL;ELAUTOE;pecoal;seel;pc;1;;;
BITCOAL;ELMAINC;pecoal;seel;coalchp;1;;;
BITCOAL;ELMAINE;pecoal;seel;pc;1;;;
BITCOAL;FISHING;sesofos;fesoi;tdfossoi;1;feagrsolid;;
BITCOAL;HEAUTOC;pecoal;sehe;coalchp;1;;;
BITCOAL;HEAUTOH;pecoal;sehe;coalhp;1;;;
BITCOAL;HEMAINC;pecoal;sehe;coalchp;1;;;
BITCOAL;HEMAINH;pecoal;sehe;coalhp;1;;;
BITCOAL;NONENUSE;sesofos;fesoi;tdfossoi;1;fenonsolid;;
BITCOAL;NONENUSE;rep_seliq;rep_feho;rep_nonenergy;1;;;
BITCOAL;ONONSPEC;sesofos;fesob;tdfossob;1;feothsolid;;
BITCOAL;RAIL;sesofos;fesoi;tdfossoi;1;feindsolid;;
BITCOAL;RESIDENT;sesofos;fesob;tdfossob;1;ferescoal;coal;
BITCOAL;TBLASTFUR;sesofos;fesoi;tdfossoi;-1;feindsolid;;
BITCOAL;TBLASTFUR;pecoal;sesofos;coaltr;-1;;;
BITCOAL;TCOKEOVS;sesofos;fesoi;tdfossoi;0;feindsolid;;
BITCOAL;TFC;pecoal;sesofos;coaltr;1;;;
BITCOAL;TGASWKS;sesofos;fesoi;tdfossoi;0;feindsolid;;
BITCOAL;TOTIND;sesofos;fesoi;tdfossoi;1;feindsolid;;
BITUMEN;AGRICULT;seliqfos;fehoi;tdfoshoi;1;feagrliquid;;
BITUMEN;AVBUNK;seliqfos;fedie;tdfosdie;-1;fetraliquid;;
BITUMEN;AVBUNK;peoil;seliqfos;refliq;-1;;;
BITUMEN;AVBUNK;rep_seliq;rep_fedie;rep_bunkers;-1;;;
BITUMEN;COMMPUB;seliqfos;fehob;tdfoshob;1;feserliquid;petrol;
BITUMEN;DISTLOSS;peoil;seliqfos;refliq;-1;;;
BITUMEN;DOMESAIR;seliqfos;fedie;tdfosdie;1;fetraliquid;;
BITUMEN;DOMESNAV;seliqfos;fedie;tdfosdie;1;fetraliquid;;
BITUMEN;EBLASTFUR;seliqfos;fehoi;tdfoshoi;-1;feindliquid;;
BITUMEN;ECOKEOVS;seliqfos;fehoi;tdfoshoi;-1;feindliquid;;
BITUMEN;ELAUTOE;peoil;seel;dot;1;;;
BITUMEN;ELMAINE;peoil;seel;dot;1;;;
BITUMEN;FISHING;seliqfos;fehoi;tdfoshoi;1;feagrliquid;;
BITUMEN;MARBUNK;seliqfos;fedie;tdfosdie;-1;fetraliquid;;
BITUMEN;MARBUNK;peoil;seliqfos;refliq;-1;;;
BITUMEN;MARBUNK;rep_seliq;rep_fedie;rep_bunkers;-1;;;
BITUMEN;NEINTREN;seliqfos;fehoi;tdfoshoi;0;;;
BITUMEN;NEOTHER;seliqfos;fehob;tdfoshob;0;;;
BITUMEN;NETRANS;seliqfos;fedie;tdfosdie;0;fetraliquid;;
BITUMEN;NONENUSE;seliqfos;fehoi;tdfoshoi;1;fenonliquid;;
BITUMEN;NONENUSE;rep_seliq;rep_feho;rep_nonenergy;1;;;
BITUMEN;ONONSPEC;seliqfos;fehob;tdfoshob;1;feothliquid;;
BITUMEN;PIPELINE;seliqfos;fedie;tdfosdie;0;fetraliquid;;
BITUMEN;RAIL;seliqfos;fedie;tdfosdie;1;fetraliquid;;
BITUMEN;RESIDENT;seliqfos;fehob;tdfoshob;1;feresliquid;petrol;
BITUMEN;ROAD;seliqfos;fedie;tdfosdie;1;fetraliquid;;
BITUMEN;TBLASTFUR;seliqfos;fehoi;tdfoshoi;-1;feindliquid;;
BITUMEN;TCOKEOVS;seliqfos;fehoi;tdfoshoi;-1;feindliquid;;
BITUMEN;TFC;peoil;seliqfos;refliq;1;;;
BITUMEN;TGASWKS;seliqfos;fehoi;tdfoshoi;-1;feindliquid;;
BITUMEN;TOTIND;seliqfos;fehoi;tdfoshoi;1;feindliquid;;
BITUMEN;TRNONSPE;seliqfos;fedie;tdfosdie;1;fetraliquid;;
BKB;AGRICULT;sesofos;fesoi;tdfossoi;1;feagrsolid;;
BKB;COMMPUB;sesofos;fesob;tdfossob;1;fesercoal;coal;
BKB;DISTLOSS;pecoal;sesofos;coaltr;-1;;;
BKB;EBLASTFUR;sesofos;fesoi;tdfossoi;-1;feindsolid;;
BKB;ECOKEOVS;sesofos;fesoi;tdfossoi;0;feindsolid;;
BKB;ELAUTOC;pecoal;seel;coalchp;1;;;
BKB;ELAUTOE;pecoal;seel;pc;1;;;
BKB;ELMAINC;pecoal;seel;coalchp;1;;;
BKB;ELMAINE;pecoal;seel;pc;1;;;
BKB;FISHING;sesofos;fesoi;tdfossoi;1;feagrsolid;;
BKB;HEAUTOC;pecoal;sehe;coalchp;1;;;
BKB;HEAUTOH;pecoal;sehe;coalhp;1;;;
BKB;HEMAINC;pecoal;sehe;coalchp;1;;;
BKB;HEMAINH;pecoal;sehe;coalhp;1;;;
BKB;NONENUSE;sesofos;fesoi;tdfossoi;1;fenonsolid;;
BKB;NONENUSE;rep_seliq;rep_feho;rep_nonenergy;1;;;
BKB;ONONSPEC;sesofos;fesob;tdfossob;1;feothsolid;;
BKB;RAIL;sesofos;fesoi;tdfossoi;1;feindsolid;;
BKB;RESIDENT;sesofos;fesob;tdfossob;1;ferescoal;coal;
BKB;TBLASTFUR;sesofos;fesoi;tdfossoi;-1;feindsolid;;
BKB;TBLASTFUR;pecoal;sesofos;coaltr;-1;;;
BKB;TCOKEOVS;sesofos;fesoi;tdfossoi;0;feindsolid;;
BKB;TFC;pecoal;sesofos;coaltr;1;;;
BKB;TGASWKS;sesofos;fesoi;tdfossoi;0;feindsolid;;
BKB;TOTIND;sesofos;fesoi;tdfossoi;1;feindsolid;;
BLFURGS;AGRICULT;segafos;fegai;tdfosgai;1;feagrgas;;
BLFURGS;AUTOCHP;sesofos;fesoi;tdfossoi;1.667;feindsolid;;We withraw the solids used in TBLASTFUR TGASWKS TCOKEOVS and producing gas which is used in the production of electricity The coefficient converts gas in solids
BLFURGS;AUTOCHP;pecoal;segafos;coalgas;1;;;
BLFURGS;AUTOCHP;pecoal;sesofos;coaltr;1.667;;;We withraw the solids used in TBLASTFUR and producing gas which is used in the production of electricity The coefficient converts gas in solids
BLFURGS;AUTOELEC;sesofos;fesoi;tdfossoi;1.667;feindsolid;;We withraw the solids used in TBLASTFUR TGASWKS TCOKEOVS and producing gas which is used in the production of electricity The coefficient converts gas in solids
BLFURGS;AUTOELEC;pecoal;segafos;coalgas;1;;;
BLFURGS;AUTOELEC;pecoal;sesofos;coaltr;1.667;;;We withraw the solids used in TBLASTFUR and producing gas which is used in the production of electricity The coefficient converts gas in solids
BLFURGS;AUTOHEAT;sesofos;fesoi;tdfossoi;1.667;feindsolid;;We withraw the solids used in TBLASTFUR TGASWKS TCOKEOVS and producing gas which is used in the production of electricity The coefficient converts gas in solids
BLFURGS;AUTOHEAT;pecoal;segafos;coalgas;1;;;
BLFURGS;AUTOHEAT;pecoal;sesofos;coaltr;1.667;;;We withraw the solids used in TBLASTFUR and producing gas which is used in the production of electricity The coefficient converts gas in solids
BLFURGS;AVBUNK;segafos;fegat;tdfosgat;-1;fetragas;;
BLFURGS;COMMPUB;segafos;fegab;tdfosgab;1;fesergas;natgas;
BLFURGS;DOMESAIR;segafos;fegat;tdfosgat;1;fetragas;;
BLFURGS;DOMESNAV;segafos;fegat;tdfosgat;1;fetragas;;
BLFURGS;EBLASTFUR;pecoal;segafos;coalgas;1;;;
BLFURGS;EBLASTFUR;sesofos;fesoi;tdfossoi;-1.667;feindsolid;;
BLFURGS;ECOKEOVS;pecoal;segafos;coalgas;1;;;
BLFURGS;ECOKEOVS;sesofos;fesoi;tdfossoi;-1.667;feindsolid;;
BLFURGS;ELAUTOC;pecoal;seel;coalchp;1;;;This seel output in reality is produced from coal gas (see email RP to NB 18.8.2016)
BLFURGS;ELAUTOE;pecoal;seel;pc;1;;;This seel output in reality is produced from coal gas (see email RP to NB 18.8.2016)
BLFURGS;ELMAINC;pecoal;seel;coalchp;1;;;This seel output in reality is produced from coal gas (see email RP to NB 18.8.2016)
BLFURGS;ELMAINE;pecoal;seel;pc;1;;;This seel output in reality is produced from coal gas (see email RP to NB 18.8.2016)
BLFURGS;EREFINER;segafos;fegai;tdfosgai;-1;feindgas;;
BLFURGS;FISHING;segafos;fegai;tdfosgai;1;feagrgas;;
BLFURGS;HEAUTOC;pecoal;sehe;coalchp;1;;;This seel output in reality is produced from coal gas (see email RP to NB 18.8.2016)
BLFURGS;HEAUTOH;pecoal;sehe;coalhp;1;;;This seel output in reality is produced from coal gas (see email RP to NB 18.8.2016)
BLFURGS;HEMAINC;pecoal;sehe;coalchp;1;;;This seel output in reality is produced from coal gas (see email RP to NB 18.8.2016)
BLFURGS;HEMAINH;pecoal;sehe;coalhp;1;;;This seel output in reality is produced from coal gas (see email RP to NB 18.8.2016)
BLFURGS;MAINCHP;sesofos;fesoi;tdfossoi;1.667;feindsolid;;We withraw the solids used in TBLASTFUR TGASWKS TCOKEOVS and producing gas which is used in the production of electricity The coefficient converts gas in solids
BLFURGS;MAINCHP;pecoal;segafos;coalgas;1;;;
BLFURGS;MAINCHP;pecoal;sesofos;coaltr;1.667;;;We withraw the solids used in TBLASTFUR and producing gas which is used in the production of electricity The coefficient converts gas in solids
BLFURGS;MAINELEC;sesofos;fesoi;tdfossoi;1.667;feindsolid;;We withraw the solids used in TBLASTFUR TGASWKS TCOKEOVS and producing gas which is used in the production of electricity The coefficient converts gas in solids
BLFURGS;MAINELEC;pecoal;segafos;coalgas;1;;;
BLFURGS;MAINELEC;pecoal;sesofos;coaltr;1.667;;;We withraw the solids used in TBLASTFUR and producing gas which is used in the production of electricity The coefficient converts gas in solids
BLFURGS;MAINHEAT;sesofos;fesoi;tdfossoi;1.667;feindsolid;;We withraw the solids used in TBLASTFUR TGASWKS TCOKEOVS and producing gas which is used in the production of electricity The coefficient converts gas in solids
BLFURGS;MAINHEAT;pecoal;segafos;coalgas;1;;;
BLFURGS;MAINHEAT;pecoal;sesofos;coaltr;1.667;;;We withraw the solids used in TBLASTFUR and producing gas which is used in the production of electricity The coefficient converts gas in solids
BLFURGS;MARBUNK;segafos;fegat;tdfosgat;-1;fetragas;;
BLFURGS;NONENUSE;segafos;fegai;tdfosgai;1;fenongas;;
BLFURGS;NONENUSE;rep_seliq;rep_feho;rep_nonenergy;1;;;
BLFURGS;ONONSPEC;segafos;fegab;tdfosgab;1;feothgas;;
BLFURGS;PIPELINE;segafos;fegat;tdfosgat;0;fetragas;;
BLFURGS;RAIL;segafos;fegat;tdfosgat;1;fetragas;;
BLFURGS;RESIDENT;segafos;fegab;tdfosgab;1;feresgas;natgas;
BLFURGS;ROAD;segafos;fegat;tdfosgat;1;fetragas;;
BLFURGS;TBLASTFUR;segafos;fegai;tdfosgai;0;feindgas;;
BLFURGS;TBLASTFUR;pecoal;segafos;coalgas;1;;;
BLFURGS;TBLASTFUR;sesofos;fesoi;tdfossoi;-1.667;feindsolid;;
BLFURGS;TCOKEOVS;segafos;fegai;tdfosgai;0;feindgas;;
BLFURGS;TFC;sesofos;fesoi;tdfossoi;0;;;the solids demand from TBLASTFUR TGASWKS TCOKEOVS producing gas for TFC is attributed to coalgas
BLFURGS;TOTIND;segafos;fegai;tdfosgai;1;feindgas;;
BLFURGS;TREFINER;segafos;fegai;tdfosgai;-1;feindgas;;
BLFURGS;TRNONSPE;segafos;fegat;tdfosgat;1;fetragas;;
BROWN;AGRICULT;sesofos;fesoi;tdfossoi;1;feagrsolid;;
BROWN;COMMPUB;sesofos;fesob;tdfossob;1;fesercoal;coal;
BROWN;DISTLOSS;pecoal;sesofos;coaltr;-1;;;
BROWN;EBLASTFUR;sesofos;fesoi;tdfossoi;-1;feindsolid;;
BROWN;ECOKEOVS;sesofos;fesoi;tdfossoi;0;feindsolid;;
BROWN;ELAUTOC;pecoal;seel;coalchp;1;;;
BROWN;ELAUTOE;pecoal;seel;pc;1;;;
BROWN;ELMAINC;pecoal;seel;coalchp;1;;;
BROWN;ELMAINE;pecoal;seel;pc;1;;;
BROWN;FISHING;sesofos;fesoi;tdfossoi;1;feagrsolid;;
BROWN;HEAUTOC;pecoal;sehe;coalchp;1;;;
BROWN;HEAUTOH;pecoal;sehe;coalhp;1;;;
BROWN;HEMAINC;pecoal;sehe;coalchp;1;;;
BROWN;HEMAINH;pecoal;sehe;coalhp;1;;;
BROWN;NONENUSE;sesofos;fesoi;tdfossoi;1;fenonsolid;;
BROWN;NONENUSE;rep_seliq;rep_feho;rep_nonenergy;1;;;
BROWN;ONONSPEC;sesofos;fesob;tdfossob;1;feothsolid;;
BROWN;RAIL;sesofos;fesoi;tdfossoi;1;feindsolid;;
BROWN;RESIDENT;sesofos;fesob;tdfossob;1;ferescoal;coal;
BROWN;TBLASTFUR;sesofos;fesoi;tdfossoi;-1;feindsolid;;
BROWN;TBLASTFUR;pecoal;sesofos;coaltr;-1;;;
BROWN;TCOKEOVS;sesofos;fesoi;tdfossoi;0;feindsolid;;
BROWN;TFC;pecoal;sesofos;coaltr;1;;;
BROWN;TGASWKS;sesofos;fesoi;tdfossoi;0;feindsolid;;
BROWN;TOTIND;sesofos;fesoi;tdfossoi;1;feindsolid;;
CHARCOAL;AGRICULT;sesobio;fesoi;tdbiosoi;1;feagrsolid;;
CHARCOAL;COMMPUB;sesobio;fesob;tdbiosob;1;feserbio;biotrad;
CHARCOAL;DISTLOSS;pebiolc;sesobio;biotr;-1;;;
CHARCOAL;EBLASTFUR;sesobio;fesoi;tdbiosoi;-1;feindsolid;;
CHARCOAL;ECOKEOVS;sesobio;fesoi;tdbiosoi;0;feindsolid;;
CHARCOAL;ENONSPEC;pebiolc;sesobio;biotr;-1;;;
CHARCOAL;FISHING;sesobio;fesoi;tdbiosoi;1;feagrsolid;;
CHARCOAL;NONENUSE;sesobio;fesoi;tdbiosoi;1;fenonsolid;;
CHARCOAL;NONENUSE;rep_seliq;rep_feho;rep_nonenergy;1;;;
CHARCOAL;ONONSPEC;sesobio;fesob;tdbiosob;1;feothsolid;;
CHARCOAL;RAIL;sesobio;fesoi;tdbiosoi;1;feindsolid;;
CHARCOAL;RESIDENT;sesobio;fesob;tdbiosob;1;feresbiotrad;biotrad;
CHARCOAL;TBLASTFUR;sesobio;fesoi;tdbiosoi;-1;feindsolid;;
CHARCOAL;TCOKEOVS;sesobio;fesoi;tdbiosoi;0;feindsolid;;
CHARCOAL;TFC;pebiolc;sesobio;biotr;1;;;
CHARCOAL;TGASWKS;sesobio;fesoi;tdbiosoi;0;feindsolid;;
CHARCOAL;TOTIND;sesobio;fesoi;tdbiosoi;1;feindsolid;;
COALTAR;AGRICULT;seliqfos;fehoi;tdfoshoi;1;feagrliquid;;
COALTAR;AVBUNK;seliqfos;fedie;tdfosdie;-1;fetraliquid;;
COALTAR;COMMPUB;seliqfos;fehob;tdfoshob;1;feserliquid;petrol;
COALTAR;DISTLOSS;pecoal;sesofos;coaltr;-1;;;
COALTAR;DOMESAIR;seliqfos;fedie;tdfosdie;1;fetraliquid;;
COALTAR;DOMESNAV;seliqfos;fedie;tdfosdie;1;fetraliquid;;
COALTAR;EBLASTFUR;seliqfos;fehoi;tdfoshoi;-1;feindliquid;;
COALTAR;ECOKEOVS;seliqfos;fehoi;tdfoshoi;-1;feindliquid;;
COALTAR;ELAUTOC;pecoal;seel;coalchp;1;;;
COALTAR;ELAUTOE;pecoal;seel;pc;1;;;
COALTAR;ELMAINC;pecoal;seel;coalchp;1;;;
COALTAR;ELMAINE;pecoal;seel;pc;1;;;
COALTAR;FISHING;seliqfos;fehoi;tdfoshoi;1;feagrliquid;;
COALTAR;HEAUTOC;pecoal;sehe;coalchp;1;;;
COALTAR;HEAUTOH;pecoal;sehe;coalhp;1;;;
COALTAR;HEMAINC;pecoal;sehe;coalchp;1;;;
COALTAR;HEMAINH;pecoal;sehe;coalhp;1;;;
COALTAR;MARBUNK;seliqfos;fedie;tdfosdie;-1;fetraliquid;;
COALTAR;NEINTREN;seliqfos;fehoi;tdfoshoi;0;;;
COALTAR;NEOTHER;seliqfos;fehob;tdfoshob;0;;;
COALTAR;NETRANS;seliqfos;fedie;tdfosdie;0;fetraliquid;;
COALTAR;NONENUSE;seliqfos;fehoi;tdfoshoi;1;fenonliquid;;
COALTAR;NONENUSE;rep_seliq;rep_feho;rep_nonenergy;1;;;
COALTAR;ONONSPEC;seliqfos;fehob;tdfoshob;1;feothliquid;;
COALTAR;PIPELINE;seliqfos;fedie;tdfosdie;0;fetraliquid;;
COALTAR;RAIL;seliqfos;fedie;tdfosdie;1;fetraliquid;;
COALTAR;RESIDENT;seliqfos;fehob;tdfoshob;1;feresliquid;petrol;
COALTAR;ROAD;seliqfos;fedie;tdfosdie;1;fetraliquid;;
COALTAR;TBLASTFUR;seliqfos;fehoi;tdfoshoi;-1;feindliquid;;
COALTAR;TBLASTFUR;pecoal;sesofos;coaltr;-1;;;
COALTAR;TCOKEOVS;seliqfos;fehoi;tdfoshoi;-1;feindliquid;;
COALTAR;TFC;pecoal;sesofos;coaltr;1;;;
COALTAR;TGASWKS;seliqfos;fehoi;tdfoshoi;-1;feindliquid;;
COALTAR;TOTIND;seliqfos;fehoi;tdfoshoi;1;feindliquid;;
COALTAR;TRNONSPE;seliqfos;fedie;tdfosdie;1;fetraliquid;;
COKCOAL;AGRICULT;sesofos;fesoi;tdfossoi;1;feagrsolid;;
COKCOAL;COMMPUB;sesofos;fesob;tdfossob;1;fesercoal;coal;
COKCOAL;DISTLOSS;pecoal;sesofos;coaltr;-1;;;
COKCOAL;EBLASTFUR;sesofos;fesoi;tdfossoi;-1;feindsolid;;
COKCOAL;ECOKEOVS;sesofos;fesoi;tdfossoi;0;feindsolid;;
COKCOAL;ELAUTOC;pecoal;seel;coalchp;1;;;
COKCOAL;ELAUTOE;pecoal;seel;pc;1;;;
COKCOAL;ELMAINC;pecoal;seel;coalchp;1;;;
COKCOAL;ELMAINE;pecoal;seel;pc;1;;;
COKCOAL;FISHING;sesofos;fesoi;tdfossoi;1;feagrsolid;;
COKCOAL;HEAUTOC;pecoal;sehe;coalchp;1;;;
COKCOAL;HEAUTOH;pecoal;sehe;coalhp;1;;;
COKCOAL;HEMAINC;pecoal;sehe;coalchp;1;;;
COKCOAL;HEMAINH;pecoal;sehe;coalhp;1;;;
COKCOAL;NONENUSE;sesofos;fesoi;tdfossoi;1;fenonsolid;;
COKCOAL;NONENUSE;rep_seliq;rep_feho;rep_nonenergy;1;;;
COKCOAL;ONONSPEC;sesofos;fesob;tdfossob;1;feothsolid;;
COKCOAL;RAIL;sesofos;fesoi;tdfossoi;1;feindsolid;;
COKCOAL;RESIDENT;sesofos;fesob;tdfossob;1;ferescoal;coal;
COKCOAL;TBLASTFUR;sesofos;fesoi;tdfossoi;-1;feindsolid;;
COKCOAL;TBLASTFUR;pecoal;sesofos;coaltr;-1;;;
COKCOAL;TCOKEOVS;sesofos;fesoi;tdfossoi;0;feindsolid;;
COKCOAL;TFC;pecoal;sesofos;coaltr;1;;;
COKCOAL;TGASWKS;sesofos;fesoi;tdfossoi;0;feindsolid;;
COKCOAL;TOTIND;sesofos;fesoi;tdfossoi;1;feindsolid;;
COKEOVGS;AGRICULT;segafos;fegai;tdfosgai;1;feagrgas;;
COKEOVGS;AUTOCHP;sesofos;fesoi;tdfossoi;0;feindsolid;;We withraw the solids used in TBLASTFUR TGASWKS TCOKEOVS and producing gas which is used in the production of electricity The coefficient converts gas in solids
COKEOVGS;AUTOCHP;pecoal;segafos;coalgas;1;;;
COKEOVGS;AUTOELEC;sesofos;fesoi;tdfossoi;0;feindsolid;;We withraw the solids used in TBLASTFUR TGASWKS TCOKEOVS and producing gas which is used in the production of electricity The coefficient converts gas in solids
COKEOVGS;AUTOELEC;pecoal;segafos;coalgas;1;;;
COKEOVGS;AUTOHEAT;sesofos;fesoi;tdfossoi;0;feindsolid;;We withraw the solids used in TBLASTFUR TGASWKS TCOKEOVS and producing gas which is used in the production of electricity The coefficient converts gas in solids
COKEOVGS;AUTOHEAT;pecoal;segafos;coalgas;1;;;
COKEOVGS;AVBUNK;segafos;fegat;tdfosgat;-1;fetragas;;
COKEOVGS;COMMPUB;segafos;fegab;tdfosgab;1;fesergas;natgas;
COKEOVGS;DOMESAIR;segafos;fegat;tdfosgat;1;fetragas;;
COKEOVGS;DOMESNAV;segafos;fegat;tdfosgat;1;fetragas;;
COKEOVGS;EBLASTFUR;pecoal;segafos;coalgas;1;;;
COKEOVGS;ECOKEOVS;pecoal;segafos;coalgas;1;;;
COKEOVGS;ELAUTOC;pecoal;seel;coalchp;1;;;This seel output in reality is produced from coal gas (see email RP to NB 18.8.2016)
COKEOVGS;ELAUTOE;pecoal;seel;pc;1;;;This seel output in reality is produced from coal gas (see email RP to NB 18.8.2016)
COKEOVGS;ELMAINC;pecoal;seel;coalchp;1;;;This seel output in reality is produced from coal gas (see email RP to NB 18.8.2016)
COKEOVGS;ELMAINE;pecoal;seel;pc;1;;;This seel output in reality is produced from coal gas (see email RP to NB 18.8.2016)
COKEOVGS;EREFINER;segafos;fegai;tdfosgai;-1;feindgas;;
COKEOVGS;FISHING;segafos;fegai;tdfosgai;1;feagrgas;;
COKEOVGS;HEAUTOC;pecoal;sehe;coalchp;1;;;This seel output in reality is produced from coal gas (see email RP to NB 18.8.2016)
COKEOVGS;HEAUTOH;pecoal;sehe;coalhp;1;;;This seel output in reality is produced from coal gas (see email RP to NB 18.8.2016)
COKEOVGS;HEMAINC;pecoal;sehe;coalchp;1;;;This seel output in reality is produced from coal gas (see email RP to NB 18.8.2016)
COKEOVGS;HEMAINH;pecoal;sehe;coalhp;1;;;This seel output in reality is produced from coal gas (see email RP to NB 18.8.2016)
COKEOVGS;MAINCHP;sesofos;fesoi;tdfossoi;0;feindsolid;;We withraw the solids used in TBLASTFUR TGASWKS TCOKEOVS and producing gas which is used in the production of electricity The coefficient converts gas in solids
COKEOVGS;MAINCHP;pecoal;segafos;coalgas;1;;;
COKEOVGS;MAINELEC;sesofos;fesoi;tdfossoi;0;feindsolid;;We withraw the solids used in TBLASTFUR TGASWKS TCOKEOVS and producing gas which is used in the production of electricity The coefficient converts gas in solids
COKEOVGS;MAINELEC;pecoal;segafos;coalgas;1;;;
COKEOVGS;MAINHEAT;sesofos;fesoi;tdfossoi;0;feindsolid;;We withraw the solids used in TBLASTFUR TGASWKS TCOKEOVS and producing gas which is used in the production of electricity The coefficient converts gas in solids
COKEOVGS;MAINHEAT;pecoal;segafos;coalgas;1;;;
COKEOVGS;MARBUNK;segafos;fegat;tdfosgat;-1;fetragas;;
COKEOVGS;NONENUSE;segafos;fegai;tdfosgai;1;fenongas;;
COKEOVGS;NONENUSE;rep_seliq;rep_feho;rep_nonenergy;1;;;
COKEOVGS;ONONSPEC;segafos;fegab;tdfosgab;1;feothgas;;
COKEOVGS;PIPELINE;segafos;fegat;tdfosgat;0;fetragas;;
COKEOVGS;RAIL;segafos;fegat;tdfosgat;1;fetragas;;
COKEOVGS;RESIDENT;segafos;fegab;tdfosgab;1;feresgas;natgas;
COKEOVGS;ROAD;segafos;fegat;tdfosgat;1;fetragas;;
COKEOVGS;TBLASTFUR;segafos;fegai;tdfosgai;0;feindgas;;
COKEOVGS;TCOKEOVS;segafos;fegai;tdfosgai;0;feindgas;;
COKEOVGS;TCOKEOVS;pecoal;segafos;coalgas;1;;;
COKEOVGS;TFC;sesofos;fesoi;tdfossoi;0;;;the solids demand from TBLASTFUR TGASWKS TCOKEOVS producing gas for TFC is attributed to coalgas
COKEOVGS;TOTIND;segafos;fegai;tdfosgai;1;feindgas;;
COKEOVGS;TREFINER;segafos;fegai;tdfosgai;-1;feindgas;;
COKEOVGS;TRNONSPE;segafos;fegat;tdfosgat;1;fetragas;;
CRNGFEED;AGRICULT;seliqfos;fehoi;tdfoshoi;1;feagrliquid;;
CRNGFEED;AVBUNK;seliqfos;fedie;tdfosdie;-1;fetraliquid;;
CRNGFEED;AVBUNK;peoil;seliqfos;refliq;-1;;;
CRNGFEED;AVBUNK;rep_seliq;rep_fedie;rep_bunkers;-1;;;
CRNGFEED;COMMPUB;seliqfos;fehob;tdfoshob;1;feserliquid;petrol;
CRNGFEED;DISTLOSS;peoil;seliqfos;refliq;-1;;;
CRNGFEED;DOMESAIR;seliqfos;fedie;tdfosdie;1;fetraliquid;;
CRNGFEED;DOMESNAV;seliqfos;fedie;tdfosdie;1;fetraliquid;;
CRNGFEED;EBLASTFUR;seliqfos;fehoi;tdfoshoi;-1;feindliquid;;
CRNGFEED;ECOKEOVS;seliqfos;fehoi;tdfoshoi;-1;feindliquid;;
CRNGFEED;ELAUTOE;peoil;seel;dot;1;;;
CRNGFEED;ELMAINE;peoil;seel;dot;1;;;
CRNGFEED;FISHING;seliqfos;fehoi;tdfoshoi;1;feagrliquid;;
CRNGFEED;MARBUNK;seliqfos;fedie;tdfosdie;-1;fetraliquid;;
CRNGFEED;MARBUNK;peoil;seliqfos;refliq;-1;;;
CRNGFEED;MARBUNK;rep_seliq;rep_fedie;rep_bunkers;-1;;;
CRNGFEED;NEINTREN;seliqfos;fehoi;tdfoshoi;0;;;
CRNGFEED;NEOTHER;seliqfos;fehob;tdfoshob;0;;;
CRNGFEED;NETRANS;seliqfos;fedie;tdfosdie;0;fetraliquid;;
CRNGFEED;NONENUSE;seliqfos;fehoi;tdfoshoi;1;fenonliquid;;
CRNGFEED;NONENUSE;rep_seliq;rep_feho;rep_nonenergy;1;;;
CRNGFEED;ONONSPEC;seliqfos;fehob;tdfoshob;1;feothliquid;;
CRNGFEED;PIPELINE;seliqfos;fedie;tdfosdie;0;fetraliquid;;
CRNGFEED;RAIL;seliqfos;fedie;tdfosdie;1;fetraliquid;;
CRNGFEED;RESIDENT;seliqfos;fehob;tdfoshob;1;feresliquid;petrol;
CRNGFEED;ROAD;seliqfos;fedie;tdfosdie;1;fetraliquid;;
CRNGFEED;TBLASTFUR;seliqfos;fehoi;tdfoshoi;-1;feindliquid;;
CRNGFEED;TCOKEOVS;seliqfos;fehoi;tdfoshoi;-1;feindliquid;;
CRNGFEED;TFC;peoil;seliqfos;refliq;1;;;
CRNGFEED;TGASWKS;seliqfos;fehoi;tdfoshoi;-1;feindliquid;;
CRNGFEED;TOTIND;seliqfos;fehoi;tdfoshoi;1;feindliquid;;
CRNGFEED;TRNONSPE;seliqfos;fedie;tdfosdie;1;fetraliquid;;
CRUDEOIL;AGRICULT;seliqfos;fehoi;tdfoshoi;1;feagrliquid;;
CRUDEOIL;AVBUNK;seliqfos;fedie;tdfosdie;-1;fetraliquid;;
CRUDEOIL;AVBUNK;peoil;seliqfos;refliq;-1;;;
CRUDEOIL;AVBUNK;rep_seliq;rep_fedie;rep_bunkers;-1;;;
CRUDEOIL;COMMPUB;seliqfos;fehob;tdfoshob;1;feserliquid;petrol;
CRUDEOIL;DISTLOSS;peoil;seliqfos;refliq;-1;;;
CRUDEOIL;DOMESAIR;seliqfos;fedie;tdfosdie;1;fetraliquid;;
CRUDEOIL;DOMESNAV;seliqfos;fedie;tdfosdie;1;fetraliquid;;
CRUDEOIL;EBLASTFUR;seliqfos;fehoi;tdfoshoi;-1;feindliquid;;
CRUDEOIL;ECOKEOVS;seliqfos;fehoi;tdfoshoi;-1;feindliquid;;
CRUDEOIL;ELAUTOE;peoil;seel;dot;1;;;
CRUDEOIL;ELMAINE;peoil;seel;dot;1;;;
CRUDEOIL;FISHING;seliqfos;fehoi;tdfoshoi;1;feagrliquid;;
CRUDEOIL;MARBUNK;seliqfos;fedie;tdfosdie;-1;fetraliquid;;
CRUDEOIL;MARBUNK;peoil;seliqfos;refliq;-1;;;
CRUDEOIL;MARBUNK;rep_seliq;rep_fedie;rep_bunkers;-1;;;
CRUDEOIL;NEINTREN;seliqfos;fehoi;tdfoshoi;0;;;
CRUDEOIL;NEOTHER;seliqfos;fehob;tdfoshob;0;;;
CRUDEOIL;NETRANS;seliqfos;fedie;tdfosdie;0;fetraliquid;;
CRUDEOIL;NONENUSE;seliqfos;fehoi;tdfoshoi;1;fenonliquid;;
CRUDEOIL;NONENUSE;rep_seliq;rep_feho;rep_nonenergy;1;;;
CRUDEOIL;ONONSPEC;seliqfos;fehob;tdfoshob;1;feothliquid;;
CRUDEOIL;PIPELINE;seliqfos;fedie;tdfosdie;0;fetraliquid;;
CRUDEOIL;RAIL;seliqfos;fedie;tdfosdie;1;fetraliquid;;
CRUDEOIL;RESIDENT;seliqfos;fehob;tdfoshob;1;feresliquid;petrol;
CRUDEOIL;ROAD;seliqfos;fedie;tdfosdie;1;fetraliquid;;
CRUDEOIL;TBLASTFUR;seliqfos;fehoi;tdfoshoi;-1;feindliquid;;
CRUDEOIL;TCOKEOVS;seliqfos;fehoi;tdfoshoi;-1;feindliquid;;
CRUDEOIL;TFC;peoil;seliqfos;refliq;1;;;
CRUDEOIL;TGASWKS;seliqfos;fehoi;tdfoshoi;-1;feindliquid;;
CRUDEOIL;TOTIND;seliqfos;fehoi;tdfoshoi;1;feindliquid;;
CRUDEOIL;TRNONSPE;seliqfos;fedie;tdfosdie;1;fetraliquid;;
ELECTR;AGRICULT;seel;feeli;tdeli;1;feagrelec;;
ELECTR;AVBUNK;seel;feelt;tdelt;-1;fetraelec;;
ELECTR;COMMPUB;seel;feelcb;tdelb;1;feserelec;elec;
ELECTR;DOMESAIR;seel;feelt;tdelt;1;fetraelec;;
ELECTR;DOMESNAV;seel;feelt;tdelt;1;fetraelec;;
ELECTR;EBLASTFUR;seel;feeli;tdeli;-1;feindelec;;
ELECTR;ECOKEOVS;seel;feeli;tdeli;-1;feindelec;;
ELECTR;EPOWERPLT;seel;feel;o_feel;-1;;;
ELECTR;FISHING;seel;feeli;tdeli;1;feagrelec;;
ELECTR;MARBUNK;seel;feelt;tdelt;-1;fetraelec;;
ELECTR;NONENUSE;seel;feeli;tdeli;1;fenonelec;;
ELECTR;NONENUSE;rep_seliq;rep_feho;rep_nonenergy;1;;;
ELECTR;ONONSPEC;seel;feelcb;tdelb;1;feothelec;;
ELECTR;PIPELINE;seel;feelt;tdelt;0;;;?
ELECTR;RAIL;seel;feelt;tdelt;1;fetraelec;;
ELECTR;RESIDENT;seel;feelcb;tdelb;1;fereselec;elec;
ELECTR;ROAD;seel;feelt;tdelt;1;fetraelec;;
ELECTR;TBLASTFUR;seel;feeli;tdeli;-1;feindelec;;
ELECTR;TCOKEOVS;seel;feeli;tdeli;-1;feindelec;;
ELECTR;TGASWKS;seel;feeli;tdeli;-1;feindelec;;
ELECTR;TOTIND;seel;feeli;tdeli;1;feindelec;;
ELECTR;TRNONSPE;seel;feelt;tdelt;1;fetraelec;;
ETHANE;AGRICULT;seliqfos;fehoi;tdfoshoi;1;feagrliquid;;
ETHANE;AVBUNK;seliqfos;fedie;dot;0;fetraliquid;;
ETHANE;AVBUNK;peoil;seliqfos;refliq;-1;;;
ETHANE;AVBUNK;rep_seliq;rep_fedie;rep_bunkers;-1;;;
ETHANE;COMMPUB;seliqfos;fehob;tdfoshob;1;feserliquid;petrol;
ETHANE;DISTLOSS;peoil;seliqfos;refliq;-1;;;
ETHANE;DOMESAIR;seliqfos;fedie;dot;0;fetraliquid;;
ETHANE;DOMESNAV;seliqfos;fedie;dot;0;fetraliquid;;
ETHANE;EBLASTFUR;seliqfos;fehoi;tdfoshoi;-1;feindliquid;;
ETHANE;ECOKEOVS;seliqfos;fehoi;tdfoshoi;-1;feindliquid;;
ETHANE;ELAUTOE;peoil;seel;dot;1;;;
ETHANE;ELMAINE;peoil;seel;dot;1;;;
ETHANE;FISHING;seliqfos;fehoi;tdfoshoi;1;feagrliquid;;
ETHANE;MARBUNK;seliqfos;fedie;dot;0;fetraliquid;;
ETHANE;MARBUNK;peoil;seliqfos;refliq;-1;;;
ETHANE;MARBUNK;rep_seliq;rep_fedie;rep_bunkers;-1;;;
ETHANE;NEINTREN;seliqfos;fehoi;tdfoshoi;0;;;
ETHANE;NONENUSE;seliqfos;fehoi;tdfoshoi;1;fenonliquid;;
ETHANE;NONENUSE;rep_seliq;rep_feho;rep_nonenergy;1;;;
ETHANE;ONONSPEC;seliqfos;fehob;tdfoshob;1;feothliquid;;
ETHANE;PIPELINE;seliqfos;fedie;dot;0;;;
ETHANE;RAIL;seliqfos;fedie;dot;0;fetraliquid;;
ETHANE;RESIDENT;seliqfos;fehob;tdfoshob;1;feresliquid;petrol;
ETHANE;ROAD;seliqfos;fepet;tdfospet;1;fetraliquid;;
ETHANE;TBLASTFUR;seliqfos;fehoi;tdfoshoi;-1;feindliquid;;
ETHANE;TCOKEOVS;seliqfos;fehoi;tdfoshoi;-1;feindliquid;;
ETHANE;TFC;peoil;seliqfos;refliq;1;;;
ETHANE;TGASWKS;seliqfos;fehoi;tdfoshoi;-1;feindliquid;;
ETHANE;TOTIND;seliqfos;fehoi;tdfoshoi;1;feindliquid;;
ETHANE;TRNONSPE;seliqfos;fedie;dot;0;fetraliquid;;
GASCOKE;AGRICULT;sesofos;fesoi;tdfossoi;1;feagrsolid;;
GASCOKE;COMMPUB;sesofos;fesob;tdfossob;1;fesercoal;coal;
GASCOKE;DISTLOSS;pecoal;sesofos;coaltr;-1;;;
GASCOKE;EBLASTFUR;sesofos;fesoi;tdfossoi;-1;feindsolid;;
GASCOKE;ECOKEOVS;sesofos;fesoi;tdfossoi;0;feindsolid;;
GASCOKE;ELAUTOC;pecoal;seel;coalchp;1;;;
GASCOKE;ELAUTOE;pecoal;seel;pc;1;;;
GASCOKE;ELMAINC;pecoal;seel;coalchp;1;;;
GASCOKE;ELMAINE;pecoal;seel;pc;1;;;
GASCOKE;FISHING;sesofos;fesoi;tdfossoi;1;feagrsolid;;
GASCOKE;HEAUTOC;pecoal;sehe;coalchp;1;;;
GASCOKE;HEAUTOH;pecoal;sehe;coalhp;1;;;
GASCOKE;HEMAINC;pecoal;sehe;coalchp;1;;;
GASCOKE;HEMAINH;pecoal;sehe;coalhp;1;;;
GASCOKE;NONENUSE;sesofos;fesoi;tdfossoi;1;fenonsolid;;
GASCOKE;NONENUSE;rep_seliq;rep_feho;rep_nonenergy;1;;;
GASCOKE;ONONSPEC;sesofos;fesob;tdfossob;1;feothsolid;;
GASCOKE;RAIL;sesofos;fesoi;tdfossoi;1;feindsolid;;
GASCOKE;RESIDENT;sesofos;fesob;tdfossob;1;ferescoal;coal;
GASCOKE;TBLASTFUR;sesofos;fesoi;tdfossoi;-1;feindsolid;;
GASCOKE;TBLASTFUR;pecoal;sesofos;coaltr;-1;;;
GASCOKE;TCOKEOVS;sesofos;fesoi;tdfossoi;0;feindsolid;;
GASCOKE;TFC;pecoal;sesofos;coaltr;1;;;
GASCOKE;TGASWKS;sesofos;fesoi;tdfossoi;0;feindsolid;;
GASCOKE;TOTIND;sesofos;fesoi;tdfossoi;1;feindsolid;;
GASWKSGS;AGRICULT;segafos;fegai;tdfosgai;1;feagrgas;;
GASWKSGS;AUTOCHP;sesofos;fesoi;tdfossoi;0;feindsolid;;We withraw the solids used in TBLASTFUR TGASWKS TCOKEOVS and producing gas which is used in the production of electricity The coefficient converts gas in solids
GASWKSGS;AUTOCHP;pecoal;segafos;coalgas;1;;;
GASWKSGS;AUTOELEC;sesofos;fesoi;tdfossoi;0;feindsolid;;We withraw the solids used in TBLASTFUR TGASWKS TCOKEOVS and producing gas which is used in the production of electricity The coefficient converts gas in solids
GASWKSGS;AUTOELEC;pecoal;segafos;coalgas;1;;;
GASWKSGS;AUTOHEAT;sesofos;fesoi;tdfossoi;0;feindsolid;;We withraw the solids used in TBLASTFUR TGASWKS TCOKEOVS and producing gas which is used in the production of electricity The coefficient converts gas in solids
GASWKSGS;AUTOHEAT;pecoal;segafos;coalgas;1;;;
GASWKSGS;AVBUNK;segafos;fegat;tdfosgat;-1;fetragas;;
GASWKSGS;COMMPUB;segafos;fegab;tdfosgab;1;fesergas;natgas;
GASWKSGS;DOMESAIR;segafos;fegat;tdfosgat;1;fetragas;;
GASWKSGS;DOMESNAV;segafos;fegat;tdfosgat;1;fetragas;;
GASWKSGS;EBLASTFUR;pecoal;segafos;coalgas;1;;;
GASWKSGS;ECOKEOVS;pecoal;segafos;coalgas;1;;;
GASWKSGS;ELAUTOC;pecoal;seel;coalchp;1;;;This seel output in reality is produced from coal gas (see email RP to NB 18.8.2016)
GASWKSGS;ELAUTOE;pecoal;seel;pc;1;;;This seel output in reality is produced from coal gas (see email RP to NB 18.8.2016)
GASWKSGS;ELMAINC;pecoal;seel;coalchp;1;;;This seel output in reality is produced from coal gas (see email RP to NB 18.8.2016)
GASWKSGS;ELMAINE;pecoal;seel;pc;1;;;This seel output in reality is produced from coal gas (see email RP to NB 18.8.2016)
GASWKSGS;EREFINER;segafos;fegai;tdfosgai;-1;feindgas;;
GASWKSGS;FISHING;segafos;fegai;tdfosgai;1;feagrgas;;
GASWKSGS;HEAUTOC;pecoal;sehe;coalchp;1;;;This seel output in reality is produced from coal gas (see email RP to NB 18.8.2016)
GASWKSGS;HEAUTOH;pecoal;sehe;coalhp;1;;;This seel output in reality is produced from coal gas (see email RP to NB 18.8.2016)
GASWKSGS;HEMAINC;pecoal;sehe;coalchp;1;;;This seel output in reality is produced from coal gas (see email RP to NB 18.8.2016)
GASWKSGS;HEMAINH;pecoal;sehe;coalhp;1;;;This seel output in reality is produced from coal gas (see email RP to NB 18.8.2016)
GASWKSGS;MAINCHP;sesofos;fesoi;tdfossoi;0;feindsolid;;We withraw the solids used in TBLASTFUR TGASWKS TCOKEOVS and producing gas which is used in the production of electricity The coefficient converts gas in solids
GASWKSGS;MAINCHP;pecoal;segafos;coalgas;1;;;
GASWKSGS;MAINELEC;sesofos;fesoi;tdfossoi;0;feindsolid;;We withraw the solids used in TBLASTFUR TGASWKS TCOKEOVS and producing gas which is used in the production of electricity The coefficient converts gas in solids
GASWKSGS;MAINELEC;pecoal;segafos;coalgas;1;;;
GASWKSGS;MAINHEAT;sesofos;fesoi;tdfossoi;0;feindsolid;;We withraw the solids used in TBLASTFUR TGASWKS TCOKEOVS and producing gas which is used in the production of electricity The coefficient converts gas in solids
GASWKSGS;MAINHEAT;pecoal;segafos;coalgas;1;;;
GASWKSGS;MARBUNK;segafos;fegat;tdfosgat;-1;fetragas;;
GASWKSGS;NONENUSE;segafos;fegai;tdfosgai;1;fenongas;;
GASWKSGS;NONENUSE;rep_seliq;rep_feho;rep_nonenergy;1;;;
GASWKSGS;ONONSPEC;segafos;fegab;tdfosgab;1;feothgas;;
GASWKSGS;PIPELINE;segafos;fegat;tdfosgat;0;fetragas;;
GASWKSGS;RAIL;segafos;fegat;tdfosgat;1;fetragas;;
GASWKSGS;RESIDENT;segafos;fegab;tdfosgab;1;feresgas;natgas;
GASWKSGS;ROAD;segafos;fegat;tdfosgat;1;fetragas;;
GASWKSGS;TBLASTFUR;segafos;fegai;tdfosgai;0;feindgas;;
GASWKSGS;TCOKEOVS;segafos;fegai;tdfosgai;0;feindgas;;
GASWKSGS;TFC;sesofos;fesoi;tdfossoi;0;;;the solids demand from TBLASTFUR TGASWKS TCOKEOVS producing gas for TFC is attributed to coalgas
GASWKSGS;TGASWKS;pecoal;segafos;coalgas;1;;;
GASWKSGS;TOTIND;segafos;fegai;tdfosgai;1;feindgas;;
GASWKSGS;TREFINER;segafos;fegai;tdfosgai;-1;feindgas;;
GASWKSGS;TRNONSPE;segafos;fegat;tdfosgat;1;fetragas;;
GEOTHERM;AGRICULT;seel;feeli;tdeli;0.3;feagrelec;;
GEOTHERM;COMMPUB;seel;feelcb;tdelb;0.3;feserelec;elec;
GEOTHERM;DISTLOSS;pegeo;sehe;geohe;-1;;;
GEOTHERM;EBLASTFUR;seel;feeli;tdeli;-0.3;feindelec;;
GEOTHERM;ECOKEOVS;seel;feeli;tdeli;-0.3;feindelec;;
GEOTHERM;ELOUTPUT;pegeo;seel;geohdr;1;;;
GEOTHERM;FISHING;seel;feeli;tdeli;0.3;feagrelec;;
GEOTHERM;HEATOUT;pegeo;sehe;geohe;1;;;
GEOTHERM;NONENUSE;seel;feeli;tdeli;0.3;fenonelec;;
GEOTHERM;NONENUSE;rep_seliq;rep_feho;rep_nonenergy;0.3;;;
GEOTHERM;ONONSPEC;seel;feelcb;tdelb;0.3;feothelec;;
GEOTHERM;RESIDENT;seel;feelcb;tdelb;0.3;fereselec;elec;
GEOTHERM;TBLASTFUR;seel;feeli;tdeli;-0.3;feindelec;;
GEOTHERM;TCOKEOVS;seel;feeli;tdeli;-0.3;feindelec;;
GEOTHERM;TFC;pegeo;sehe;geohe;1;;;
GEOTHERM;TFC;pegeo;seel;geohe;-0.3;;;
GEOTHERM;TOTIND;seel;feeli;tdeli;0.3;feindelec;;
HARDCOAL;AGRICULT;sesofos;fesoi;tdfossoi;1;feagrsolid;;
HARDCOAL;COMMPUB;sesofos;fesob;tdfossob;1;fesercoal;coal;
HARDCOAL;DISTLOSS;pecoal;sesofos;coaltr;-1;;;
HARDCOAL;EBLASTFUR;sesofos;fesoi;tdfossoi;-1;feindsolid;;
HARDCOAL;ECOKEOVS;sesofos;fesoi;tdfossoi;0;feindsolid;;
HARDCOAL;ELAUTOC;pecoal;seel;coalchp;1;;;
HARDCOAL;ELAUTOE;pecoal;seel;pc;1;;;
HARDCOAL;ELMAINC;pecoal;seel;coalchp;1;;;
HARDCOAL;ELMAINE;pecoal;seel;pc;1;;;
HARDCOAL;FISHING;sesofos;fesoi;tdfossoi;1;feagrsolid;;
HARDCOAL;HEAUTOC;pecoal;sehe;coalchp;1;;;
HARDCOAL;HEAUTOH;pecoal;sehe;coalhp;1;;;
HARDCOAL;HEMAINC;pecoal;sehe;coalchp;1;;;
HARDCOAL;HEMAINH;pecoal;sehe;coalhp;1;;;
HARDCOAL;NONENUSE;sesofos;fesoi;tdfossoi;1;fenonsolid;;
HARDCOAL;NONENUSE;rep_seliq;rep_feho;rep_nonenergy;1;;;
HARDCOAL;ONONSPEC;sesofos;fesob;tdfossob;1;feothsolid;;
HARDCOAL;RAIL;sesofos;fesoi;tdfossoi;1;feindsolid;;
HARDCOAL;RESIDENT;sesofos;fesob;tdfossob;1;ferescoal;coal;
HARDCOAL;TBLASTFUR;sesofos;fesoi;tdfossoi;-1;feindsolid;;
HARDCOAL;TBLASTFUR;pecoal;sesofos;coaltr;-1;;;
HARDCOAL;TCOKEOVS;sesofos;fesoi;tdfossoi;0;feindsolid;;
HARDCOAL;TFC;pecoal;sesofos;coaltr;1;;;
HARDCOAL;TGASWKS;sesofos;fesoi;tdfossoi;0;feindsolid;;
HARDCOAL;TOTIND;sesofos;fesoi;tdfossoi;1;feindsolid;;
HEAT;AGRICULT;sehe;fehei;tdhei;1;feagrheat;;
HEAT;COMMPUB;sehe;feheb;tdheb;1;feserheat;heat;
HEAT;EBLASTFUR;sehe;fehei;tdhei;-1;feindheat;;
HEAT;ECOKEOVS;sehe;fehei;tdhei;-1;feindheat;;
HEAT;EPOWERPLT;sehe;fehei;tdhei;-1;feindheat;;
HEAT;EREFINER;sehe;fehei;tdhei;-1;feindheat;;
HEAT;FISHING;sehe;fehei;tdhei;1;feagrheat;;
HEAT;NONENUSE;sehe;fehei;tdhei;1;fenonheat;;
HEAT;NONENUSE;rep_seliq;rep_feho;rep_nonenergy;1;;;
HEAT;ONONSPEC;sehe;feheb;tdheb;1;feothheat;;
HEAT;RESIDENT;sehe;feheb;tdheb;1;feresheat;heat;
HEAT;TBLASTFUR;sehe;fehei;tdhei;-1;feindheat;;
HEAT;TCOKEOVS;sehe;fehei;tdhei;-1;feindheat;;
HEAT;TOTIND;sehe;fehei;tdhei;1;feindheat;;
HYDRO;ELOUTPUT;pehyd;seel;hydro;1;;;
INDWASTE;AGRICULT;sesobio;fesoi;tdbiosoi;1;feagrsolid;;
INDWASTE;COMMPUB;sesobio;fesob;tdbiosob;1;feserbio;biomod;
INDWASTE;DISTLOSS;pebiolc;sesobio;biotr;-1;;;
INDWASTE;EBLASTFUR;sesobio;fesoi;tdbiosoi;-1;feindsolid;;
INDWASTE;ECOKEOVS;sesobio;fesoi;tdbiosoi;0;feindsolid;;
INDWASTE;ELAUTOC;pebiolc;seel;biochp;1;;;
INDWASTE;ELAUTOE;pebiolc;seel;bioigcc;1;;;
INDWASTE;ELMAINC;pebiolc;seel;biochp;1;;;
INDWASTE;ELMAINE;pebiolc;seel;bioigcc;1;;;
INDWASTE;ENONSPEC;pebiolc;sesobio;biotr;-1;;;
INDWASTE;FISHING;sesobio;fesoi;tdbiosoi;1;feagrsolid;;
INDWASTE;HEAUTOC;pebiolc;sehe;biochp;1;;;
INDWASTE;HEAUTOH;pebiolc;sehe;biohp;1;;;
INDWASTE;HEMAINC;pebiolc;sehe;biochp;1;;;
INDWASTE;HEMAINH;pebiolc;sehe;biohp;1;;;
INDWASTE;NONENUSE;sesobio;fesoi;tdbiosoi;1;fenonsolid;;
INDWASTE;NONENUSE;rep_seliq;rep_feho;rep_nonenergy;1;;;
INDWASTE;ONONSPEC;sesobio;fesob;tdbiosob;1;feothsolid;;
INDWASTE;RAIL;sesobio;fesoi;tdbiosoi;1;feindsolid;;
INDWASTE;RESIDENT;sesobio;fesob;tdbiosob;1;feresbiomod;biomod;
INDWASTE;TBLASTFUR;sesobio;fesoi;tdbiosoi;-1;feindsolid;;
INDWASTE;TCOKEOVS;sesobio;fesoi;tdbiosoi;0;feindsolid;;
INDWASTE;TFC;pebiolc;sesobio;biotr;1;;;
INDWASTE;TGASWKS;sesobio;fesoi;tdbiosoi;0;feindsolid;;
INDWASTE;TOTIND;sesobio;fesoi;tdbiosoi;1;feindsolid;;
JETGAS;AGRICULT;seliqfos;fehoi;tdfoshoi;1;feagrliquid;;
JETGAS;AVBUNK;seliqfos;fedie;tdfosdie;-1;fetraliquid;;
JETGAS;AVBUNK;peoil;seliqfos;refliq;-1;;;
JETGAS;AVBUNK;rep_seliq;rep_fedie;rep_bunkers;-1;;;
JETGAS;COMMPUB;seliqfos;fehob;tdfoshob;1;feserliquid;petrol;
JETGAS;DISTLOSS;peoil;seliqfos;refliq;-1;;;
JETGAS;DOMESAIR;seliqfos;fedie;tdfosdie;1;fetraliquid;;
JETGAS;DOMESNAV;seliqfos;fedie;tdfosdie;1;fetraliquid;;
JETGAS;EBLASTFUR;seliqfos;fehoi;tdfoshoi;-1;feindliquid;;
JETGAS;ECOKEOVS;seliqfos;fehoi;tdfoshoi;-1;feindliquid;;
JETGAS;ELAUTOE;peoil;seel;dot;1;;;
JETGAS;ELMAINE;peoil;seel;dot;1;;;
JETGAS;FISHING;seliqfos;fehoi;tdfoshoi;1;feagrliquid;;
JETGAS;MARBUNK;seliqfos;fedie;tdfosdie;-1;fetraliquid;;
JETGAS;MARBUNK;peoil;seliqfos;refliq;-1;;;
JETGAS;MARBUNK;rep_seliq;rep_fedie;rep_bunkers;-1;;;
JETGAS;NEINTREN;seliqfos;fehoi;tdfoshoi;0;;;
JETGAS;NEOTHER;seliqfos;fehob;tdfoshob;0;;;
JETGAS;NETRANS;seliqfos;fedie;tdfosdie;0;fetraliquid;;
JETGAS;NONENUSE;seliqfos;fehoi;tdfoshoi;1;fenonliquid;;
JETGAS;NONENUSE;rep_seliq;rep_feho;rep_nonenergy;1;;;
JETGAS;ONONSPEC;seliqfos;fehob;tdfoshob;1;feothliquid;;
JETGAS;PIPELINE;seliqfos;fedie;tdfosdie;0;fetraliquid;;
JETGAS;RAIL;seliqfos;fedie;tdfosdie;1;fetraliquid;;
JETGAS;RESIDENT;seliqfos;fehob;tdfoshob;1;feresliquid;petrol;
JETGAS;ROAD;seliqfos;fedie;tdfosdie;1;fetraliquid;;
JETGAS;TBLASTFUR;seliqfos;fehoi;tdfoshoi;-1;feindliquid;;
JETGAS;TCOKEOVS;seliqfos;fehoi;tdfoshoi;-1;feindliquid;;
JETGAS;TFC;peoil;seliqfos;refliq;1;;;
JETGAS;TGASWKS;seliqfos;fehoi;tdfoshoi;-1;feindliquid;;
JETGAS;TOTIND;seliqfos;fehoi;tdfoshoi;1;feindliquid;;
JETGAS;TRNONSPE;seliqfos;fedie;tdfosdie;1;fetraliquid;;
LIGNITE;AGRICULT;sesofos;fesoi;tdfossoi;1;feagrsolid;;
LIGNITE;COMMPUB;sesofos;fesob;tdfossob;1;fesercoal;coal;
LIGNITE;DISTLOSS;pecoal;sesofos;coaltr;-1;;;
LIGNITE;EBLASTFUR;sesofos;fesoi;tdfossoi;-1;feindsolid;;
LIGNITE;ECOKEOVS;sesofos;fesoi;tdfossoi;0;feindsolid;;
LIGNITE;ELAUTOC;pecoal;seel;coalchp;1;;;
LIGNITE;ELAUTOE;pecoal;seel;pc;1;;;
LIGNITE;ELMAINC;pecoal;seel;coalchp;1;;;
LIGNITE;ELMAINE;pecoal;seel;pc;1;;;
LIGNITE;FISHING;sesofos;fesoi;tdfossoi;1;feagrsolid;;
LIGNITE;HEAUTOC;pecoal;sehe;coalchp;1;;;
LIGNITE;HEAUTOH;pecoal;sehe;coalhp;1;;;
LIGNITE;HEMAINC;pecoal;sehe;coalchp;1;;;
LIGNITE;HEMAINH;pecoal;sehe;coalhp;1;;;
LIGNITE;NONENUSE;sesofos;fesoi;tdfossoi;1;fenonsolid;;
LIGNITE;NONENUSE;rep_seliq;rep_feho;rep_nonenergy;1;;;
LIGNITE;ONONSPEC;sesofos;fesob;tdfossob;1;feothsolid;;
LIGNITE;RAIL;sesofos;fesoi;tdfossoi;1;feindsolid;;
LIGNITE;RESIDENT;sesofos;fesob;tdfossob;1;ferescoal;coal;
LIGNITE;TBLASTFUR;sesofos;fesoi;tdfossoi;-1;feindsolid;;
LIGNITE;TBLASTFUR;pecoal;sesofos;coaltr;-1;;;
LIGNITE;TCOKEOVS;sesofos;fesoi;tdfossoi;0;feindsolid;;
LIGNITE;TFC;pecoal;sesofos;coaltr;1;;;
LIGNITE;TGASWKS;sesofos;fesoi;tdfossoi;0;feindsolid;;
LIGNITE;TOTIND;sesofos;fesoi;tdfossoi;1;feindsolid;;
LPG;AGRICULT;seliqfos;fehoi;tdfoshoi;1;feagrliquid;;
LPG;AVBUNK;seliqfos;fedie;tdfosdie;-1;fetraliquid;;
LPG;AVBUNK;peoil;seliqfos;refliq;-1;;;
LPG;AVBUNK;rep_seliq;rep_fedie;rep_bunkers;-1;;;
LPG;COMMPUB;seliqfos;fehob;tdfoshob;1;feserliquid;petrol;
LPG;DISTLOSS;peoil;seliqfos;refliq;-1;;;
LPG;DOMESAIR;seliqfos;fedie;tdfosdie;1;fetraliquid;;
LPG;DOMESNAV;seliqfos;fedie;tdfosdie;1;fetraliquid;;
LPG;EBLASTFUR;seliqfos;fehoi;tdfoshoi;-1;feindliquid;;
LPG;ECOKEOVS;seliqfos;fehoi;tdfoshoi;-1;feindliquid;;
LPG;ELAUTOE;peoil;seel;dot;1;;;
LPG;ELMAINE;peoil;seel;dot;1;;;
LPG;FISHING;seliqfos;fehoi;tdfoshoi;1;feagrliquid;;
LPG;MARBUNK;seliqfos;fedie;tdfosdie;-1;fetraliquid;;
LPG;MARBUNK;peoil;seliqfos;refliq;-1;;;
LPG;MARBUNK;rep_seliq;rep_fedie;rep_bunkers;-1;;;
LPG;NEINTREN;seliqfos;fehoi;tdfoshoi;0;;;
LPG;NEOTHER;seliqfos;fehob;tdfoshob;0;;;
LPG;NETRANS;seliqfos;fedie;tdfosdie;0;fetraliquid;;
LPG;NONENUSE;seliqfos;fehoi;tdfoshoi;1;fenonliquid;;
LPG;NONENUSE;rep_seliq;rep_feho;rep_nonenergy;1;;;
LPG;ONONSPEC;seliqfos;fehob;tdfoshob;1;feothliquid;;
LPG;PIPELINE;seliqfos;fedie;tdfosdie;0;fetraliquid;;
LPG;RAIL;seliqfos;fedie;tdfosdie;1;fetraliquid;;
LPG;RESIDENT;seliqfos;fehob;tdfoshob;1;feresliquid;petrol;
LPG;ROAD;seliqfos;fepet;tdfospet;1;fetraliquid;;
LPG;TBLASTFUR;seliqfos;fehoi;tdfoshoi;-1;feindliquid;;
LPG;TCOKEOVS;seliqfos;fehoi;tdfoshoi;-1;feindliquid;;
LPG;TFC;peoil;seliqfos;refliq;1;;;
LPG;TGASWKS;seliqfos;fehoi;tdfoshoi;-1;feindliquid;;
LPG;TOTIND;seliqfos;fehoi;tdfoshoi;1;feindliquid;;
LPG;TRNONSPE;seliqfos;fedie;tdfosdie;1;fetraliquid;;
LUBRIC;AGRICULT;seliqfos;fehoi;tdfoshoi;1;feagrliquid;;
LUBRIC;AVBUNK;seliqfos;fedie;tdfosdie;-1;fetraliquid;;
LUBRIC;AVBUNK;peoil;seliqfos;refliq;-1;;;
LUBRIC;AVBUNK;rep_seliq;rep_fedie;rep_bunkers;-1;;;
LUBRIC;COMMPUB;seliqfos;fehob;tdfoshob;1;feserliquid;petrol;
LUBRIC;DISTLOSS;peoil;seliqfos;refliq;-1;;;
LUBRIC;DOMESAIR;seliqfos;fedie;tdfosdie;1;fetraliquid;;
LUBRIC;DOMESNAV;seliqfos;fedie;tdfosdie;1;fetraliquid;;
LUBRIC;EBLASTFUR;seliqfos;fehoi;tdfoshoi;-1;feindliquid;;
LUBRIC;ECOKEOVS;seliqfos;fehoi;tdfoshoi;-1;feindliquid;;
LUBRIC;ELAUTOE;peoil;seel;dot;1;;;
LUBRIC;ELMAINE;peoil;seel;dot;1;;;
LUBRIC;FISHING;seliqfos;fehoi;tdfoshoi;1;feagrliquid;;
LUBRIC;MARBUNK;seliqfos;fedie;tdfosdie;-1;fetraliquid;;
LUBRIC;MARBUNK;peoil;seliqfos;refliq;-1;;;
LUBRIC;MARBUNK;rep_seliq;rep_fedie;rep_bunkers;-1;;;
LUBRIC;NEINTREN;seliqfos;fehoi;tdfoshoi;0;;;
LUBRIC;NEOTHER;seliqfos;fehob;tdfoshob;0;;;
LUBRIC;NETRANS;seliqfos;fedie;tdfosdie;0;fetraliquid;;
LUBRIC;NONENUSE;seliqfos;fehoi;tdfoshoi;1;fenonliquid;;
LUBRIC;NONENUSE;rep_seliq;rep_feho;rep_nonenergy;1;;;
LUBRIC;ONONSPEC;seliqfos;fehob;tdfoshob;1;feothliquid;;
LUBRIC;PIPELINE;seliqfos;fedie;tdfosdie;0;fetraliquid;;
LUBRIC;RAIL;seliqfos;fedie;tdfosdie;1;fetraliquid;;
LUBRIC;RESIDENT;seliqfos;fehob;tdfoshob;1;feresliquid;petrol;
LUBRIC;ROAD;seliqfos;fepet;tdfospet;1;fetraliquid;;
LUBRIC;TBLASTFUR;seliqfos;fehoi;tdfoshoi;-1;feindliquid;;
LUBRIC;TCOKEOVS;seliqfos;fehoi;tdfoshoi;-1;feindliquid;;
LUBRIC;TFC;peoil;seliqfos;refliq;1;;;
LUBRIC;TGASWKS;seliqfos;fehoi;tdfoshoi;-1;feindliquid;;
LUBRIC;TOTIND;seliqfos;fehoi;tdfoshoi;1;feindliquid;;
LUBRIC;TRNONSPE;seliqfos;fedie;tdfosdie;1;fetraliquid;;
MANGAS;DISTLOSS;pegas;segafos;gastr;-1;;;
MANGAS;TFC;pegas;segafos;gastr;1;;;
MUNWASTEN;AGRICULT;sesobio;fesoi;tdbiosoi;1;feagrsolid;;
MUNWASTEN;COMMPUB;sesobio;fesob;tdbiosob;1;feserbio;biomod;
MUNWASTEN;DISTLOSS;pebiolc;sesobio;biotr;-1;;;
MUNWASTEN;EBLASTFUR;sesobio;fesoi;tdbiosoi;-1;feindsolid;;
MUNWASTEN;ECOKEOVS;sesobio;fesoi;tdbiosoi;0;feindsolid;;
MUNWASTEN;ELAUTOC;pebiolc;seel;biochp;1;;;
MUNWASTEN;ELAUTOE;pebiolc;seel;bioigcc;1;;;
MUNWASTEN;ELMAINC;pebiolc;seel;biochp;1;;;
MUNWASTEN;ELMAINE;pebiolc;seel;bioigcc;1;;;
MUNWASTEN;ENONSPEC;pebiolc;sesobio;biotr;-1;;;
MUNWASTEN;FISHING;sesobio;fesoi;tdbiosoi;1;feagrsolid;;
MUNWASTEN;HEAUTOC;pebiolc;sehe;biochp;1;;;
MUNWASTEN;HEAUTOH;pebiolc;sehe;biohp;1;;;
MUNWASTEN;HEMAINC;pebiolc;sehe;biochp;1;;;
MUNWASTEN;HEMAINH;pebiolc;sehe;biohp;1;;;
MUNWASTEN;NONENUSE;sesobio;fesoi;tdbiosoi;1;fenonsolid;;
MUNWASTEN;NONENUSE;rep_seliq;rep_feho;rep_nonenergy;1;;;
MUNWASTEN;ONONSPEC;sesobio;fesob;tdbiosob;1;feothsolid;;
MUNWASTEN;RAIL;sesobio;fesoi;tdbiosoi;1;feindsolid;;
MUNWASTEN;RESIDENT;sesobio;fesob;tdbiosob;1;feresbiomod;biomod;
MUNWASTEN;TBLASTFUR;sesobio;fesoi;tdbiosoi;-1;feindsolid;;
MUNWASTEN;TCOKEOVS;sesobio;fesoi;tdbiosoi;0;feindsolid;;
MUNWASTEN;TFC;pebiolc;sesobio;biotr;1;;;
MUNWASTEN;TGASWKS;sesobio;fesoi;tdbiosoi;0;feindsolid;;
MUNWASTEN;TOTIND;sesobio;fesoi;tdbiosoi;1;feindsolid;;
MUNWASTER;AGRICULT;sesobio;fesoi;tdbiosoi;1;feagrsolid;;
MUNWASTER;COMMPUB;sesobio;fesob;tdbiosob;1;feserbio;biomod;
MUNWASTER;DISTLOSS;pebiolc;sesobio;biotr;-1;;;
MUNWASTER;EBLASTFUR;sesobio;fesoi;tdbiosoi;-1;feindsolid;;
MUNWASTER;ECOKEOVS;sesobio;fesoi;tdbiosoi;0;feindsolid;;
MUNWASTER;ELAUTOC;pebiolc;seel;biochp;1;;;
MUNWASTER;ELAUTOE;pebiolc;seel;bioigcc;1;;;
MUNWASTER;ELMAINC;pebiolc;seel;biochp;1;;;
MUNWASTER;ELMAINE;pebiolc;seel;bioigcc;1;;;
MUNWASTER;ENONSPEC;pebiolc;sesobio;biotr;-1;;;
MUNWASTER;FISHING;sesobio;fesoi;tdbiosoi;1;feagrsolid;;
MUNWASTER;HEAUTOC;pebiolc;sehe;biochp;1;;;
MUNWASTER;HEAUTOH;pebiolc;sehe;biohp;1;;;
MUNWASTER;HEMAINC;pebiolc;sehe;biochp;1;;;
MUNWASTER;HEMAINH;pebiolc;sehe;biohp;1;;;
MUNWASTER;NONENUSE;sesobio;fesoi;tdbiosoi;1;fenonsolid;;
MUNWASTER;NONENUSE;rep_seliq;rep_feho;rep_nonenergy;1;;;
MUNWASTER;ONONSPEC;sesobio;fesob;tdbiosob;1;feothsolid;;
MUNWASTER;RAIL;sesobio;fesoi;tdbiosoi;1;feindsolid;;
MUNWASTER;RESIDENT;sesobio;fesob;tdbiosob;1;feresbiomod;biomod;
MUNWASTER;TBLASTFUR;sesobio;fesoi;tdbiosoi;-1;feindsolid;;
MUNWASTER;TCOKEOVS;sesobio;fesoi;tdbiosoi;0;feindsolid;;
MUNWASTER;TFC;pebiolc;sesobio;biotr;1;;;
MUNWASTER;TGASWKS;sesobio;fesoi;tdbiosoi;0;feindsolid;;
MUNWASTER;TOTIND;sesobio;fesoi;tdbiosoi;1;feindsolid;;
NAPHTHA;AGRICULT;seliqfos;fehoi;tdfoshoi;1;feagrliquid;;
NAPHTHA;AVBUNK;seliqfos;fedie;tdfosdie;-1;fetraliquid;;
NAPHTHA;AVBUNK;peoil;seliqfos;refliq;-1;;;
NAPHTHA;AVBUNK;rep_seliq;rep_fedie;rep_bunkers;-1;;;
NAPHTHA;COMMPUB;seliqfos;fehob;tdfoshob;1;feserliquid;petrol;
NAPHTHA;DISTLOSS;peoil;seliqfos;refliq;-1;;;
NAPHTHA;DOMESAIR;seliqfos;fedie;tdfosdie;1;fetraliquid;;
NAPHTHA;DOMESNAV;seliqfos;fedie;tdfosdie;1;fetraliquid;;
NAPHTHA;EBLASTFUR;seliqfos;fehoi;tdfoshoi;-1;feindliquid;;
NAPHTHA;ECOKEOVS;seliqfos;fehoi;tdfoshoi;-1;feindliquid;;
NAPHTHA;ELAUTOE;peoil;seel;dot;1;;;
NAPHTHA;ELMAINE;peoil;seel;dot;1;;;
NAPHTHA;FISHING;seliqfos;fehoi;tdfoshoi;1;feagrliquid;;
NAPHTHA;MARBUNK;seliqfos;fedie;tdfosdie;-1;fetraliquid;;
NAPHTHA;MARBUNK;peoil;seliqfos;refliq;-1;;;
NAPHTHA;MARBUNK;rep_seliq;rep_fedie;rep_bunkers;-1;;;
NAPHTHA;NEINTREN;seliqfos;fehoi;tdfoshoi;0;;;
NAPHTHA;NEOTHER;seliqfos;fehob;tdfoshob;0;;;
NAPHTHA;NETRANS;seliqfos;fedie;tdfosdie;0;fetraliquid;;
NAPHTHA;NONENUSE;seliqfos;fehoi;tdfoshoi;1;fenonliquid;;
NAPHTHA;NONENUSE;rep_seliq;rep_feho;rep_nonenergy;1;;;
NAPHTHA;ONONSPEC;seliqfos;fehob;tdfoshob;1;feothliquid;;
NAPHTHA;PIPELINE;seliqfos;fedie;tdfosdie;0;fetraliquid;;
NAPHTHA;RAIL;seliqfos;fedie;tdfosdie;1;fetraliquid;;
NAPHTHA;RESIDENT;seliqfos;fehob;tdfoshob;1;feresliquid;petrol;
NAPHTHA;ROAD;seliqfos;fepet;tdfospet;1;fetraliquid;;
NAPHTHA;TBLASTFUR;seliqfos;fehoi;tdfoshoi;-1;feindliquid;;
NAPHTHA;TCOKEOVS;seliqfos;fehoi;tdfoshoi;-1;feindliquid;;
NAPHTHA;TFC;peoil;seliqfos;refliq;1;;;
NAPHTHA;TGASWKS;seliqfos;fehoi;tdfoshoi;-1;feindliquid;;
NAPHTHA;TOTIND;seliqfos;fehoi;tdfoshoi;1;feindliquid;;
NAPHTHA;TRNONSPE;seliqfos;fedie;tdfosdie;1;fetraliquid;;
NATGAS;AGRICULT;segafos;fegai;tdfosgai;1;feagrgas;;
NATGAS;AVBUNK;segafos;fegat;tdfosgat;-1;fetragas;;
NATGAS;COMMPUB;segafos;fegab;tdfosgab;1;fesergas;natgas;
NATGAS;DISTLOSS;pegas;segafos;gastr;-1;;;
NATGAS;DOMESAIR;segafos;fegat;tdfosgat;1;fetragas;;
NATGAS;DOMESNAV;segafos;fegat;tdfosgat;1;fetragas;;
NATGAS;ELAUTOC;pegas;seel;gaschp;1;;;
NATGAS;ELAUTOE;pegas;seel;x_gas2elec;1;;;
NATGAS;ELMAINC;pegas;seel;gaschp;1;;;
NATGAS;ELMAINE;pegas;seel;x_gas2elec;1;;;
NATGAS;EREFINER;segafos;fegai;tdfosgai;-1;feindgas;;
NATGAS;EREFINER;pegas;segafos;gastr;-1;;;
NATGAS;FISHING;segafos;fegai;tdfosgai;1;feagrgas;;
NATGAS;HEAUTOC;pegas;sehe;gaschp;1;;;
NATGAS;HEAUTOH;pegas;sehe;gashp;1;;;
NATGAS;HEMAINC;pegas;sehe;gaschp;1;;;
NATGAS;HEMAINH;pegas;sehe;gashp;1;;;
NATGAS;MARBUNK;segafos;fegat;tdfosgat;-1;fetragas;;
NATGAS;NONENUSE;segafos;fegai;tdfosgai;1;fenongas;;
NATGAS;NONENUSE;rep_seliq;rep_feho;rep_nonenergy;1;;;
NATGAS;ONONSPEC;segafos;fegab;tdfosgab;1;feothgas;;
NATGAS;PIPELINE;segafos;fegat;tdfosgat;0;fetragas;;
NATGAS;PIPELINE;pegas;segafos;gastr;0;;;
NATGAS;RAIL;segafos;fegat;tdfosgat;1;fetragas;;
NATGAS;RESIDENT;segafos;fegab;tdfosgab;1;feresgas;natgas;
NATGAS;ROAD;segafos;fegat;tdfosgat;1;fetragas;;
NATGAS;TBLASTFUR;segafos;fegai;tdfosgai;1;feindgas;;
NATGAS;TCOKEOVS;segafos;fegai;tdfosgai;1;feindgas;;
NATGAS;TFC;pegas;segafos;gastr;1;;;
NATGAS;TOTIND;segafos;fegai;tdfosgai;1;feindgas;;
NATGAS;TREFINER;segafos;fegai;tdfosgai;-1;feindgas;;
NATGAS;TREFINER;pegas;segafos;gastr;-1;;;
NATGAS;TRNONSPE;segafos;fegat;tdfosgat;1;fetragas;;
NGL;AGRICULT;seliqfos;fehoi;tdfoshoi;1;feagrliquid;;
NGL;AVBUNK;seliqfos;fedie;tdfosdie;-1;fetraliquid;;Transport NGL is either 0 for fedie and 1 for fepet or the opposite
NGL;AVBUNK;peoil;seliqfos;refliq;-1;;;
NGL;AVBUNK;rep_seliq;rep_fedie;rep_bunkers;-1;;;
NGL;COMMPUB;seliqfos;fehob;tdfoshob;1;feserliquid;petrol;
NGL;DISTLOSS;peoil;seliqfos;refliq;-1;;;
NGL;DOMESAIR;seliqfos;fedie;tdfosdie;1;fetraliquid;;Transport NGL is either 0 for fedie and 1 for fepet or the opposite
NGL;DOMESNAV;seliqfos;fedie;tdfosdie;1;fetraliquid;;Transport NGL is either 0 for fedie and 1 for fepet or the opposite
NGL;EBLASTFUR;seliqfos;fehoi;tdfoshoi;-1;feindliquid;;
NGL;ECOKEOVS;seliqfos;fehoi;tdfoshoi;-1;feindliquid;;
NGL;ELAUTOE;peoil;seel;dot;1;;;
NGL;ELMAINE;peoil;seel;dot;1;;;
NGL;FISHING;seliqfos;fehoi;tdfoshoi;1;feagrliquid;;
NGL;MARBUNK;seliqfos;fedie;tdfosdie;-1;fetraliquid;;Transport NGL is either 0 for fedie and 1 for fepet or the opposite
NGL;MARBUNK;peoil;seliqfos;refliq;-1;;;
NGL;MARBUNK;rep_seliq;rep_fedie;rep_bunkers;-1;;;
NGL;NEINTREN;seliqfos;fehoi;tdfoshoi;0;;;
NGL;NEOTHER;seliqfos;fehob;tdfoshob;0;;;
NGL;NETRANS;seliqfos;fedie;tdfosdie;0;fetraliquid;;Transport NGL is either 0 for fedie and 1 for fepet or the opposite
NGL;NONENUSE;seliqfos;fehoi;tdfoshoi;1;fenonliquid;;
NGL;NONENUSE;rep_seliq;rep_feho;rep_nonenergy;1;;;
NGL;ONONSPEC;seliqfos;fehob;tdfoshob;1;feothliquid;;
NGL;PIPELINE;seliqfos;fedie;tdfosdie;0;fetraliquid;;Transport NGL is either 0 for fedie and 1 for fepet or the opposite
NGL;PIPELINE;seliqfos;fepet;tdfospet;0;fetraliquid;;Transport NGL is either 0 for fedie and 1 for fepet or the opposite
NGL;RAIL;seliqfos;fedie;tdfosdie;1;fetraliquid;;Transport NGL is either 0 for fedie and 1 for fepet or the opposite
NGL;RESIDENT;seliqfos;fehob;tdfoshob;1;feresliquid;petrol;
NGL;ROAD;seliqfos;fepet;tdfospet;1;fetraliquid;;Transport NGL is either 0 for fedie and 1 for fepet or the opposite
NGL;TBLASTFUR;seliqfos;fehoi;tdfoshoi;-1;feindliquid;;
NGL;TCOKEOVS;seliqfos;fehoi;tdfoshoi;-1;feindliquid;;
NGL;TFC;peoil;seliqfos;refliq;1;;;
NGL;TGASWKS;seliqfos;fehoi;tdfoshoi;-1;feindliquid;;
NGL;TOTIND;seliqfos;fehoi;tdfoshoi;1;feindliquid;;
NGL;TRNONSPE;seliqfos;fedie;tdfosdie;1;fetraliquid;;Transport NGL is either 0 for fedie and 1 for fepet or the opposite
NONBIODIES;AGRICULT;seliqfos;fehoi;tdfoshoi;1;feagrliquid;;
NONBIODIES;AVBUNK;seliqfos;fedie;tdfosdie;-1;fetraliquid;;
NONBIODIES;AVBUNK;peoil;seliqfos;refliq;-1;;;
NONBIODIES;AVBUNK;rep_seliq;rep_fedie;rep_bunkers;-1;;;
NONBIODIES;COMMPUB;seliqfos;fehob;tdfoshob;1;feserliquid;petrol;
NONBIODIES;DISTLOSS;peoil;seliqfos;refliq;-1;;;
NONBIODIES;DOMESAIR;seliqfos;fedie;tdfosdie;1;fetraliquid;;
NONBIODIES;DOMESNAV;seliqfos;fedie;tdfosdie;1;fetraliquid;;
NONBIODIES;EBLASTFUR;seliqfos;fehoi;tdfoshoi;-1;feindliquid;;
NONBIODIES;ECOKEOVS;seliqfos;fehoi;tdfoshoi;-1;feindliquid;;
NONBIODIES;ELAUTOE;peoil;seel;dot;1;;;
NONBIODIES;ELMAINE;peoil;seel;dot;1;;;
NONBIODIES;FISHING;seliqfos;fehoi;tdfoshoi;1;feagrliquid;;
NONBIODIES;MARBUNK;seliqfos;fedie;tdfosdie;-1;fetraliquid;;
NONBIODIES;MARBUNK;peoil;seliqfos;refliq;-1;;;
NONBIODIES;MARBUNK;rep_seliq;rep_fedie;rep_bunkers;-1;;;
NONBIODIES;NEINTREN;seliqfos;fehoi;tdfoshoi;0;;;
NONBIODIES;NEOTHER;seliqfos;fehob;tdfoshob;0;;;
NONBIODIES;NETRANS;seliqfos;fedie;tdfosdie;0;fetraliquid;;
NONBIODIES;NONENUSE;seliqfos;fehoi;tdfoshoi;1;fenonliquid;;
NONBIODIES;NONENUSE;rep_seliq;rep_feho;rep_nonenergy;1;;;
NONBIODIES;ONONSPEC;seliqfos;fehob;tdfoshob;1;feothliquid;;
NONBIODIES;PIPELINE;seliqfos;fedie;tdfosdie;0;fetraliquid;;
NONBIODIES;RAIL;seliqfos;fedie;tdfosdie;1;fetraliquid;;
NONBIODIES;RESIDENT;seliqfos;fehob;tdfoshob;1;feresliquid;petrol;
NONBIODIES;ROAD;seliqfos;fedie;tdfosdie;1;fetraliquid;;
NONBIODIES;TBLASTFUR;seliqfos;fehoi;tdfoshoi;-1;feindliquid;;
NONBIODIES;TCOKEOVS;seliqfos;fehoi;tdfoshoi;-1;feindliquid;;
NONBIODIES;TFC;peoil;seliqfos;refliq;1;;;
NONBIODIES;TGASWKS;seliqfos;fehoi;tdfoshoi;-1;feindliquid;;
NONBIODIES;TOTIND;seliqfos;fehoi;tdfoshoi;1;feindliquid;;
NONBIODIES;TRNONSPE;seliqfos;fedie;tdfosdie;1;fetraliquid;;
NONBIOGASO;AGRICULT;seliqfos;fehoi;tdfoshoi;1;feagrliquid;;
NONBIOGASO;AVBUNK;seliqfos;fedie;tdfosdie;-1;fetraliquid;;
NONBIOGASO;AVBUNK;peoil;seliqfos;refliq;-1;;;
NONBIOGASO;AVBUNK;rep_seliq;rep_fedie;rep_bunkers;-1;;;
NONBIOGASO;COMMPUB;seliqfos;fehob;tdfoshob;1;feserliquid;petrol;
NONBIOGASO;DISTLOSS;peoil;seliqfos;refliq;-1;;;
NONBIOGASO;DOMESAIR;seliqfos;fedie;tdfosdie;1;fetraliquid;;
NONBIOGASO;DOMESNAV;seliqfos;fedie;tdfosdie;1;fetraliquid;;
NONBIOGASO;EBLASTFUR;seliqfos;fehoi;tdfoshoi;-1;feindliquid;;
NONBIOGASO;ECOKEOVS;seliqfos;fehoi;tdfoshoi;-1;feindliquid;;
NONBIOGASO;ELAUTOE;peoil;seel;dot;1;;;
NONBIOGASO;ELMAINE;peoil;seel;dot;1;;;
NONBIOGASO;FISHING;seliqfos;fehoi;tdfoshoi;1;feagrliquid;;
NONBIOGASO;MARBUNK;seliqfos;fedie;tdfosdie;-1;fetraliquid;;
NONBIOGASO;MARBUNK;peoil;seliqfos;refliq;-1;;;
NONBIOGASO;MARBUNK;rep_seliq;rep_fedie;rep_bunkers;-1;;;
NONBIOGASO;NEINTREN;seliqfos;fehoi;tdfoshoi;0;;;
NONBIOGASO;NEOTHER;seliqfos;fehob;tdfoshob;0;;;
NONBIOGASO;NETRANS;seliqfos;fedie;tdfosdie;0;fetraliquid;;
NONBIOGASO;NONENUSE;seliqfos;fehoi;tdfoshoi;1;fenonliquid;;
NONBIOGASO;NONENUSE;rep_seliq;rep_feho;rep_nonenergy;1;;;
NONBIOGASO;ONONSPEC;seliqfos;fehob;tdfoshob;1;feothliquid;;
NONBIOGASO;PIPELINE;seliqfos;fedie;tdfosdie;0;fetraliquid;;
NONBIOGASO;RAIL;seliqfos;fedie;tdfosdie;1;fetraliquid;;
NONBIOGASO;RESIDENT;seliqfos;fehob;tdfoshob;1;feresliquid;petrol;
NONBIOGASO;ROAD;seliqfos;fepet;tdfospet;1;fetraliquid;;
NONBIOGASO;TBLASTFUR;seliqfos;fehoi;tdfoshoi;-1;feindliquid;;
NONBIOGASO;TCOKEOVS;seliqfos;fehoi;tdfoshoi;-1;feindliquid;;
NONBIOGASO;TFC;peoil;seliqfos;refliq;1;;;
NONBIOGASO;TGASWKS;seliqfos;fehoi;tdfoshoi;-1;feindliquid;;
NONBIOGASO;TOTIND;seliqfos;fehoi;tdfoshoi;1;feindliquid;;
NONBIOGASO;TRNONSPE;seliqfos;fedie;tdfosdie;1;fetraliquid;;
NONBIOJETK;AGRICULT;seliqfos;fehoi;tdfoshoi;1;feagrliquid;;
NONBIOJETK;AVBUNK;seliqfos;fedie;tdfosdie;-1;fetraliquid;;
NONBIOJETK;AVBUNK;peoil;seliqfos;refliq;-1;;;
NONBIOJETK;AVBUNK;rep_seliq;rep_fedie;rep_bunkers;-1;;;
NONBIOJETK;COMMPUB;seliqfos;fehob;tdfoshob;1;feserliquid;petrol;
NONBIOJETK;DISTLOSS;peoil;seliqfos;refliq;-1;;;
NONBIOJETK;DOMESAIR;seliqfos;fedie;tdfosdie;1;fetraliquid;;
NONBIOJETK;DOMESNAV;seliqfos;fedie;tdfosdie;1;fetraliquid;;
NONBIOJETK;EBLASTFUR;seliqfos;fehoi;tdfoshoi;-1;feindliquid;;
NONBIOJETK;ECOKEOVS;seliqfos;fehoi;tdfoshoi;-1;feindliquid;;
NONBIOJETK;ELAUTOE;peoil;seel;dot;1;;;
NONBIOJETK;ELMAINE;peoil;seel;dot;1;;;
NONBIOJETK;FISHING;seliqfos;fehoi;tdfoshoi;1;feagrliquid;;
NONBIOJETK;MARBUNK;seliqfos;fedie;tdfosdie;-1;fetraliquid;;
NONBIOJETK;MARBUNK;peoil;seliqfos;refliq;-1;;;
NONBIOJETK;MARBUNK;rep_seliq;rep_fedie;rep_bunkers;-1;;;
NONBIOJETK;NEINTREN;seliqfos;fehoi;tdfoshoi;0;;;
NONBIOJETK;NEOTHER;seliqfos;fehob;tdfoshob;0;;;
NONBIOJETK;NETRANS;seliqfos;fedie;tdfosdie;0;fetraliquid;;
NONBIOJETK;NONENUSE;seliqfos;fehoi;tdfoshoi;1;fenonliquid;;
NONBIOJETK;NONENUSE;rep_seliq;rep_feho;rep_nonenergy;1;;;
NONBIOJETK;ONONSPEC;seliqfos;fehob;tdfoshob;1;feothliquid;;
NONBIOJETK;PIPELINE;seliqfos;fedie;tdfosdie;0;fetraliquid;;
NONBIOJETK;RAIL;seliqfos;fedie;tdfosdie;1;fetraliquid;;
NONBIOJETK;RESIDENT;seliqfos;fehob;tdfoshob;1;feresliquid;petrol;
NONBIOJETK;ROAD;seliqfos;fedie;tdfosdie;1;fetraliquid;;
NONBIOJETK;TBLASTFUR;seliqfos;fehoi;tdfoshoi;-1;feindliquid;;
NONBIOJETK;TCOKEOVS;seliqfos;fehoi;tdfoshoi;-1;feindliquid;;
NONBIOJETK;TFC;peoil;seliqfos;refliq;1;;;
NONBIOJETK;TGASWKS;seliqfos;fehoi;tdfoshoi;-1;feindliquid;;
NONBIOJETK;TOTIND;seliqfos;fehoi;tdfoshoi;1;feindliquid;;
NONBIOJETK;TRNONSPE;seliqfos;fedie;tdfosdie;1;fetraliquid;;
NONCRUDE;AGRICULT;seliqfos;fehoi;tdfoshoi;1;feagrliquid;;
NONCRUDE;AVBUNK;peoil;seliqfos;refliq;-1;;;
NONCRUDE;AVBUNK;rep_seliq;rep_fedie;rep_bunkers;-1;;;
NONCRUDE;COMMPUB;seliqfos;fehob;tdfoshob;1;feserliquid;petrol;
NONCRUDE;DISTLOSS;peoil;seliqfos;refliq;-1;;;
NONCRUDE;DOMESAIR;seliqfos;fedie;tdfosdie;1;fetraliquid;;
NONCRUDE;DOMESNAV;seliqfos;fedie;tdfosdie;1;fetraliquid;;
NONCRUDE;EBLASTFUR;seliqfos;fehoi;tdfoshoi;-1;feindliquid;;
NONCRUDE;ECOKEOVS;seliqfos;fehoi;tdfoshoi;-1;feindliquid;;
NONCRUDE;ELAUTOE;peoil;seel;dot;1;;;
NONCRUDE;ELMAINE;peoil;seel;dot;1;;;
NONCRUDE;FISHING;seliqfos;fehoi;tdfoshoi;1;feagrliquid;;
NONCRUDE;MARBUNK;seliqfos;fedie;tdfosdie;-1;fetraliquid;;
NONCRUDE;MARBUNK;peoil;seliqfos;refliq;-1;;;
NONCRUDE;MARBUNK;rep_seliq;rep_fedie;rep_bunkers;-1;;;
NONCRUDE;NEINTREN;seliqfos;fehoi;tdfoshoi;0;;;
NONCRUDE;NEOTHER;seliqfos;fehob;tdfoshob;0;;;
NONCRUDE;NETRANS;seliqfos;fedie;tdfosdie;0;fetraliquid;;
NONCRUDE;NONENUSE;seliqfos;fehoi;tdfoshoi;1;fenonliquid;;
NONCRUDE;NONENUSE;rep_seliq;rep_feho;rep_nonenergy;1;;;
NONCRUDE;ONONSPEC;seliqfos;fehob;tdfoshob;1;feothliquid;;
NONCRUDE;PIPELINE;seliqfos;fedie;tdfosdie;0;fetraliquid;;
NONCRUDE;RAIL;seliqfos;fedie;tdfosdie;1;fetraliquid;;
NONCRUDE;RESIDENT;seliqfos;fehob;tdfoshob;1;feresliquid;petrol;
NONCRUDE;ROAD;seliqfos;fedie;tdfosdie;1;fetraliquid;;
NONCRUDE;TBLASTFUR;seliqfos;fehoi;tdfoshoi;-1;feindliquid;;
NONCRUDE;TCOALLIQ;pecoal;seliqfos;coalftrec;1;;;
NONCRUDE;TCOKEOVS;seliqfos;fehoi;tdfoshoi;-1;feindliquid;;
NONCRUDE;TFC;peoil;seliqfos;refliq;1;;;
NONCRUDE;TGASWKS;seliqfos;fehoi;tdfoshoi;-1;feindliquid;;
NONCRUDE;TGTL;pegas;seliqfos;gasftrec;1;;;
NONCRUDE;TOTIND;seliqfos;fehoi;tdfoshoi;1;feindliquid;;
NONCRUDE;TRNONSPE;seliqfos;fedie;tdfosdie;1;fetraliquid;;
NUCLEAR;ELOUTPUT;peur;seel;tnrs;1;;;
OBIOLIQ;AGRICULT;seliqbio;fehoi;tdbiohoi;1;feagrliquid;;
OBIOLIQ;AVBUNK;seliqbio;fedie;tdbiodie;-1;fetraliquid;;
OBIOLIQ;COMMPUB;seliqbio;fehob;tdbiohob;1;feserliquid;petrol;
OBIOLIQ;DOMESAIR;seliqbio;fedie;tdbiodie;1;fetraliquid;;
OBIOLIQ;DOMESNAV;seliqbio;fedie;tdbiodie;1;fetraliquid;;
OBIOLIQ;EBLASTFUR;seliqbio;fehoi;tdbiohoi;-1;feindliquid;;
OBIOLIQ;ECOKEOVS;seliqbio;fehoi;tdbiohoi;-1;feindliquid;;
OBIOLIQ;ELAUTOC;pebiolc;seel;biochp;1;;;
OBIOLIQ;ELAUTOE;pebiolc;seel;bioigcc;1;;;
OBIOLIQ;ELMAINC;pebiolc;seel;biochp;1;;;
OBIOLIQ;ELMAINE;pebiolc;seel;bioigcc;1;;;
OBIOLIQ;FISHING;seliqbio;fehoi;tdbiohoi;1;feagrliquid;;
OBIOLIQ;HEAUTOC;pebiolc;sehe;biochp;1;;;
OBIOLIQ;HEAUTOH;pebiolc;sehe;biohp;1;;;
OBIOLIQ;HEMAINC;pebiolc;sehe;biochp;1;;;
OBIOLIQ;HEMAINH;pebiolc;sehe;biohp;1;;;
OBIOLIQ;MARBUNK;seliqbio;fedie;tdbiodie;-1;fetraliquid;;
OBIOLIQ;NEINTREN;seliqbio;fehoi;tdbiohoi;0;;;
OBIOLIQ;NEOTHER;seliqbio;fehob;tdbiohob;0;;;
OBIOLIQ;NETRANS;seliqbio;fedie;tdbiodie;0;fetraliquid;;
OBIOLIQ;NONENUSE;seliqbio;fehoi;tdbiohoi;1;fenonliquid;;
OBIOLIQ;NONENUSE;rep_seliq;rep_feho;rep_nonenergy;1;;;
OBIOLIQ;ONONSPEC;seliqbio;fehob;tdbiohob;1;feothliquid;;
OBIOLIQ;PIPELINE;seliqbio;fedie;tdbiodie;0;fetraliquid;;
OBIOLIQ;RAIL;seliqbio;fedie;tdbiodie;1;fetraliquid;;
OBIOLIQ;RESIDENT;seliqbio;fehob;tdbiohob;1;feresliquid;petrol;
OBIOLIQ;ROAD;seliqbio;fepet;tdbiopet;1;fetraliquid;;
OBIOLIQ;TBLASTFUR;seliqbio;fehoi;tdbiohoi;-1;feindliquid;;
OBIOLIQ;TCOKEOVS;seliqbio;fehoi;tdbiohoi;-1;feindliquid;;
OBIOLIQ;TFC;pebios;seliqbio;bioeths;1;;;
OBIOLIQ;TGASWKS;seliqbio;fehoi;tdbiohoi;-1;feindliquid;;
OBIOLIQ;TOTIND;seliqbio;fehoi;tdbiohoi;1;feindliquid;;
OBIOLIQ;TRNONSPE;seliqbio;fedie;tdbiodie;1;fetraliquid;;
OGASES;AGRICULT;segafos;fegai;tdfosgai;1;feagrgas;;
OGASES;AUTOCHP;sesofos;fesoi;tdfossoi;1.667;feindsolid;;We withraw the solids used in TBLASTFUR TGASWKS TCOKEOVS and producing gas which is used in the production of electricity The coefficient converts gas in solids
OGASES;AUTOCHP;pecoal;segafos;coalgas;1;;;
OGASES;AUTOCHP;pecoal;sesofos;coaltr;1.667;;;We withraw the solids used in TBLASTFUR and producing gas which is used in the production of electricity The coefficient converts gas in solids
OGASES;AUTOELEC;sesofos;fesoi;tdfossoi;1.667;feindsolid;;We withraw the solids used in TBLASTFUR TGASWKS TCOKEOVS and producing gas which is used in the production of electricity The coefficient converts gas in solids
OGASES;AUTOELEC;pecoal;segafos;coalgas;1;;;
OGASES;AUTOELEC;pecoal;sesofos;coaltr;1.667;;;We withraw the solids used in TBLASTFUR and producing gas which is used in the production of electricity The coefficient converts gas in solids
OGASES;AUTOHEAT;sesofos;fesoi;tdfossoi;1.667;feindsolid;;We withraw the solids used in TBLASTFUR TGASWKS TCOKEOVS and producing gas which is used in the production of electricity The coefficient converts gas in solids
OGASES;AUTOHEAT;pecoal;segafos;coalgas;1;;;
OGASES;AUTOHEAT;pecoal;sesofos;coaltr;1.667;;;We withraw the solids used in TBLASTFUR and producing gas which is used in the production of electricity The coefficient converts gas in solids
OGASES;COMMPUB;segafos;fegab;tdfosgab;1;fesergas;natgas;
OGASES;DOMESAIR;segafos;fegat;tdfosgat;1;fetragas;;
OGASES;DOMESNAV;segafos;fegat;tdfosgat;1;fetragas;;
OGASES;EBLASTFUR;pecoal;segafos;coalgas;1;;;
OGASES;ECOKEOVS;pecoal;segafos;coalgas;1;;;
OGASES;ELAUTOC;pecoal;seel;coalchp;1;;;This seel output in reality is produced from coal gas (see email RP to NB 18.8.2016)
OGASES;ELAUTOE;pecoal;seel;pc;1;;;This seel output in reality is produced from coal gas (see email RP to NB 18.8.2016)
OGASES;ELMAINC;pecoal;seel;coalchp;1;;;This seel output in reality is produced from coal gas (see email RP to NB 18.8.2016)
OGASES;ELMAINE;pecoal;seel;pc;1;;;This seel output in reality is produced from coal gas (see email RP to NB 18.8.2016)
OGASES;EREFINER;segafos;fegai;tdfosgai;-1;feindgas;;
OGASES;FISHING;segafos;fegai;tdfosgai;1;feagrgas;;
OGASES;HEAUTOC;pecoal;sehe;coalchp;1;;;This seel output in reality is produced from coal gas (see email RP to NB 18.8.2016)
OGASES;HEAUTOH;pecoal;sehe;coalhp;1;;;This seel output in reality is produced from coal gas (see email RP to NB 18.8.2016)
OGASES;HEMAINC;pecoal;sehe;coalchp;1;;;This seel output in reality is produced from coal gas (see email RP to NB 18.8.2016)
OGASES;HEMAINH;pecoal;sehe;coalhp;1;;;This seel output in reality is produced from coal gas (see email RP to NB 18.8.2016)
OGASES;MAINCHP;sesofos;fesoi;tdfossoi;1.667;feindsolid;;We withraw the solids used in TBLASTFUR TGASWKS TCOKEOVS and producing gas which is used in the production of electricity The coefficient converts gas in solids
OGASES;MAINCHP;pecoal;segafos;coalgas;1;;;
OGASES;MAINCHP;pecoal;sesofos;coaltr;1.667;;;We withraw the solids used in TBLASTFUR and producing gas which is used in the production of electricity The coefficient converts gas in solids
OGASES;MAINELEC;sesofos;fesoi;tdfossoi;1.667;feindsolid;;We withraw the solids used in TBLASTFUR TGASWKS TCOKEOVS and producing gas which is used in the production of electricity The coefficient converts gas in solids
OGASES;MAINELEC;pecoal;segafos;coalgas;1;;;
OGASES;MAINELEC;pecoal;sesofos;coaltr;1.667;;;We withraw the solids used in TBLASTFUR and producing gas which is used in the production of electricity The coefficient converts gas in solids
OGASES;MAINHEAT;sesofos;fesoi;tdfossoi;1.667;feindsolid;;We withraw the solids used in TBLASTFUR TGASWKS TCOKEOVS and producing gas which is used in the production of electricity The coefficient converts gas in solids
OGASES;MAINHEAT;pecoal;segafos;coalgas;1;;;
OGASES;MAINHEAT;pecoal;sesofos;coaltr;1.667;;;We withraw the solids used in TBLASTFUR and producing gas which is used in the production of electricity The coefficient converts gas in solids
OGASES;MARBUNK;segafos;fegat;tdfosgat;-1;fetragas;;
OGASES;NONENUSE;segafos;fegai;tdfosgai;1;fenongas;;
OGASES;NONENUSE;rep_seliq;rep_feho;rep_nonenergy;1;;;
OGASES;ONONSPEC;segafos;fegab;tdfosgab;1;feothgas;;
OGASES;PIPELINE;segafos;fegat;tdfosgat;0;fetragas;;
OGASES;RAIL;segafos;fegat;tdfosgat;1;fetragas;;
OGASES;RESIDENT;segafos;fegab;tdfosgab;1;feresgas;natgas;
OGASES;ROAD;segafos;fegat;tdfosgat;1;fetragas;;
OGASES;TBLASTFUR;segafos;fegai;tdfosgai;0;feindgas;;
OGASES;TBLASTFUR;pecoal;segafos;coalgas;1;;;
OGASES;TCOKEOVS;segafos;fegai;tdfosgai;0;feindgas;;
OGASES;TFC;sesofos;fesoi;tdfossoi;0;;;the solids demand from TBLASTFUR TGASWKS TCOKEOVS producing gas for TFC is attributed to coalgas
OGASES;TOTIND;segafos;fegai;tdfosgai;1;feindgas;;
OGASES;TREFINER;segafos;fegai;tdfosgai;-1;feindgas;;
OGASES;TRNONSPE;segafos;fegat;tdfosgat;1;fetragas;;
OILSHALE;AGRICULT;sesofos;fesoi;tdfossoi;1;feagrsolid;;
OILSHALE;COMMPUB;sesofos;fesob;tdfossob;1;fesercoal;coal;
OILSHALE;EBLASTFUR;sesofos;fesoi;tdfossoi;-1;feindsolid;;
OILSHALE;ECOKEOVS;sesofos;fesoi;tdfossoi;0;feindsolid;;
OILSHALE;FISHING;sesofos;fesoi;tdfossoi;1;feagrsolid;;
OILSHALE;NONENUSE;sesofos;fesoi;tdfossoi;1;fenonsolid;;
OILSHALE;NONENUSE;rep_seliq;rep_feho;rep_nonenergy;1;;;
OILSHALE;ONONSPEC;sesofos;fesob;tdfossob;1;feothsolid;;
OILSHALE;RAIL;sesofos;fesoi;tdfossoi;1;feindsolid;;
OILSHALE;RESIDENT;sesofos;fesob;tdfossob;1;ferescoal;coal;
OILSHALE;TBLASTFUR;sesofos;fesoi;tdfossoi;-1;feindsolid;;
OILSHALE;TCOKEOVS;sesofos;fesoi;tdfossoi;0;feindsolid;;
OILSHALE;TGASWKS;sesofos;fesoi;tdfossoi;0;feindsolid;;
OILSHALE;TOTIND;sesofos;fesoi;tdfossoi;1;feindsolid;;
ONONSPEC;AGRICULT;seliqfos;fehoi;tdfoshoi;1;feagrliquid;;
ONONSPEC;AVBUNK;seliqfos;fedie;tdfosdie;-1;fetraliquid;;
ONONSPEC;AVBUNK;peoil;seliqfos;refliq;-1;;;
ONONSPEC;AVBUNK;rep_seliq;rep_fedie;rep_bunkers;-1;;;
ONONSPEC;COMMPUB;seliqfos;fehob;tdfoshob;1;feserliquid;petrol;
ONONSPEC;DISTLOSS;peoil;seliqfos;refliq;-1;;;
ONONSPEC;DOMESAIR;seliqfos;fedie;tdfosdie;1;fetraliquid;;
ONONSPEC;DOMESNAV;seliqfos;fedie;tdfosdie;1;fetraliquid;;
ONONSPEC;EBLASTFUR;seliqfos;fehoi;tdfoshoi;-1;feindliquid;;
ONONSPEC;ECOKEOVS;seliqfos;fehoi;tdfoshoi;-1;feindliquid;;
ONONSPEC;ELAUTOE;peoil;seel;dot;1;;;
ONONSPEC;ELMAINE;peoil;seel;dot;1;;;
ONONSPEC;FISHING;seliqfos;fehoi;tdfoshoi;1;feagrliquid;;
ONONSPEC;MARBUNK;seliqfos;fedie;tdfosdie;-1;fetraliquid;;
ONONSPEC;MARBUNK;peoil;seliqfos;refliq;-1;;;
ONONSPEC;MARBUNK;rep_seliq;rep_fedie;rep_bunkers;-1;;;
ONONSPEC;NEINTREN;seliqfos;fehoi;tdfoshoi;0;;;
ONONSPEC;NEOTHER;seliqfos;fehob;tdfoshob;0;;;
ONONSPEC;NETRANS;seliqfos;fedie;tdfosdie;0;fetraliquid;;
ONONSPEC;NONENUSE;seliqfos;fehoi;tdfoshoi;1;fenonliquid;;
ONONSPEC;NONENUSE;rep_seliq;rep_feho;rep_nonenergy;1;;;
ONONSPEC;ONONSPEC;seliqfos;fehob;tdfoshob;1;feothliquid;;
ONONSPEC;PIPELINE;seliqfos;fedie;tdfosdie;0;fetraliquid;;
ONONSPEC;RAIL;seliqfos;fedie;tdfosdie;1;fetraliquid;;
ONONSPEC;RESIDENT;seliqfos;fehob;tdfoshob;1;feresliquid;petrol;
ONONSPEC;ROAD;seliqfos;fepet;tdfospet;1;fetraliquid;;
ONONSPEC;TBLASTFUR;seliqfos;fehoi;tdfoshoi;-1;feindliquid;;
ONONSPEC;TCOKEOVS;seliqfos;fehoi;tdfoshoi;-1;feindliquid;;
ONONSPEC;TFC;peoil;seliqfos;refliq;1;;;
ONONSPEC;TGASWKS;seliqfos;fehoi;tdfoshoi;-1;feindliquid;;
ONONSPEC;TOTIND;seliqfos;fehoi;tdfoshoi;1;feindliquid;;
ONONSPEC;TRNONSPE;seliqfos;fedie;tdfosdie;1;fetraliquid;;
OTHKERO;AGRICULT;seliqfos;fehoi;tdfoshoi;1;feagrliquid;;
OTHKERO;AVBUNK;seliqfos;fedie;tdfosdie;-1;fetraliquid;;
OTHKERO;AVBUNK;peoil;seliqfos;refliq;-1;;;
OTHKERO;AVBUNK;rep_seliq;rep_fedie;rep_bunkers;-1;;;
OTHKERO;COMMPUB;seliqfos;fehob;tdfoshob;1;feserliquid;petrol;
OTHKERO;DISTLOSS;peoil;seliqfos;refliq;-1;;;
OTHKERO;DOMESAIR;seliqfos;fedie;tdfosdie;1;fetraliquid;;
OTHKERO;DOMESNAV;seliqfos;fedie;tdfosdie;1;fetraliquid;;
OTHKERO;EBLASTFUR;seliqfos;fehoi;tdfoshoi;-1;feindliquid;;
OTHKERO;ECOKEOVS;seliqfos;fehoi;tdfoshoi;-1;feindliquid;;
OTHKERO;ELAUTOE;peoil;seel;dot;1;;;
OTHKERO;ELMAINE;peoil;seel;dot;1;;;
OTHKERO;FISHING;seliqfos;fehoi;tdfoshoi;1;feagrliquid;;
OTHKERO;MARBUNK;seliqfos;fedie;tdfosdie;-1;fetraliquid;;
OTHKERO;MARBUNK;peoil;seliqfos;refliq;-1;;;
OTHKERO;MARBUNK;rep_seliq;rep_fedie;rep_bunkers;-1;;;
OTHKERO;NEINTREN;seliqfos;fehoi;tdfoshoi;0;;;
OTHKERO;NEOTHER;seliqfos;fehob;tdfoshob;0;;;
OTHKERO;NETRANS;seliqfos;fedie;tdfosdie;0;fetraliquid;;
OTHKERO;NONENUSE;seliqfos;fehoi;tdfoshoi;1;fenonliquid;;
OTHKERO;NONENUSE;rep_seliq;rep_feho;rep_nonenergy;1;;;
OTHKERO;ONONSPEC;seliqfos;fehob;tdfoshob;1;feothliquid;;
OTHKERO;PIPELINE;seliqfos;fedie;tdfosdie;0;fetraliquid;;
OTHKERO;RAIL;seliqfos;fedie;tdfosdie;1;fetraliquid;;
OTHKERO;RESIDENT;seliqfos;fehob;tdfoshob;1;feresliquid;petrol;
OTHKERO;ROAD;seliqfos;fedie;tdfosdie;1;fetraliquid;;
OTHKERO;TBLASTFUR;seliqfos;fehoi;tdfoshoi;-1;feindliquid;;
OTHKERO;TCOKEOVS;seliqfos;fehoi;tdfoshoi;-1;feindliquid;;
OTHKERO;TFC;peoil;seliqfos;refliq;1;;;
OTHKERO;TGASWKS;seliqfos;fehoi;tdfoshoi;-1;feindliquid;;
OTHKERO;TOTIND;seliqfos;fehoi;tdfoshoi;1;feindliquid;;
OTHKERO;TRNONSPE;seliqfos;fedie;tdfosdie;1;fetraliquid;;
OVENCOKE;AGRICULT;sesofos;fesoi;tdfossoi;1;feagrsolid;;
OVENCOKE;COMMPUB;sesofos;fesob;tdfossob;1;fesercoal;coal;
OVENCOKE;DISTLOSS;pecoal;sesofos;coaltr;-1;;;
OVENCOKE;EBLASTFUR;sesofos;fesoi;tdfossoi;-1;feindsolid;;
OVENCOKE;ECOKEOVS;sesofos;fesoi;tdfossoi;0;feindsolid;;
OVENCOKE;ELAUTOC;pecoal;seel;coalchp;1;;;
OVENCOKE;ELAUTOE;pecoal;seel;pc;1;;;
OVENCOKE;ELMAINC;pecoal;seel;coalchp;1;;;
OVENCOKE;ELMAINE;pecoal;seel;pc;1;;;
OVENCOKE;FISHING;sesofos;fesoi;tdfossoi;1;feagrsolid;;
OVENCOKE;HEAUTOC;pecoal;sehe;coalchp;1;;;
OVENCOKE;HEAUTOH;pecoal;sehe;coalhp;1;;;
OVENCOKE;HEMAINC;pecoal;sehe;coalchp;1;;;
OVENCOKE;HEMAINH;pecoal;sehe;coalhp;1;;;
OVENCOKE;NONENUSE;sesofos;fesoi;tdfossoi;1;fenonsolid;;
OVENCOKE;NONENUSE;rep_seliq;rep_feho;rep_nonenergy;1;;;
OVENCOKE;ONONSPEC;sesofos;fesob;tdfossob;1;feothsolid;;
OVENCOKE;RAIL;sesofos;fesoi;tdfossoi;1;feindsolid;;
OVENCOKE;RESIDENT;sesofos;fesob;tdfossob;1;ferescoal;coal;
OVENCOKE;TBLASTFUR;sesofos;fesoi;tdfossoi;-1;feindsolid;;
OVENCOKE;TBLASTFUR;pecoal;sesofos;coaltr;-1;;;
OVENCOKE;TCOKEOVS;sesofos;fesoi;tdfossoi;0;feindsolid;;
OVENCOKE;TFC;pecoal;sesofos;coaltr;1;;;
OVENCOKE;TGASWKS;sesofos;fesoi;tdfossoi;0;feindsolid;;
OVENCOKE;TOTIND;sesofos;fesoi;tdfossoi;1;feindsolid;;
PARWAX;AGRICULT;seliqfos;fehoi;tdfoshoi;1;feagrliquid;;
PARWAX;AVBUNK;seliqfos;fedie;tdfosdie;-1;fetraliquid;;
PARWAX;AVBUNK;peoil;seliqfos;refliq;-1;;;
PARWAX;AVBUNK;rep_seliq;rep_fedie;rep_bunkers;-1;;;
PARWAX;COMMPUB;seliqfos;fehob;tdfoshob;1;feserliquid;petrol;
PARWAX;DISTLOSS;peoil;seliqfos;refliq;-1;;;
PARWAX;DOMESAIR;seliqfos;fedie;tdfosdie;1;fetraliquid;;
PARWAX;DOMESNAV;seliqfos;fedie;tdfosdie;1;fetraliquid;;
PARWAX;EBLASTFUR;seliqfos;fehoi;tdfoshoi;-1;feindliquid;;
PARWAX;ECOKEOVS;seliqfos;fehoi;tdfoshoi;-1;feindliquid;;
PARWAX;ELAUTOE;peoil;seel;dot;1;;;
PARWAX;ELMAINE;peoil;seel;dot;1;;;
PARWAX;FISHING;seliqfos;fehoi;tdfoshoi;1;feagrliquid;;
PARWAX;MARBUNK;seliqfos;fedie;tdfosdie;-1;fetraliquid;;
PARWAX;MARBUNK;peoil;seliqfos;refliq;-1;;;
PARWAX;MARBUNK;rep_seliq;rep_fedie;rep_bunkers;-1;;;
PARWAX;NEINTREN;seliqfos;fehoi;tdfoshoi;0;;;
PARWAX;NEOTHER;seliqfos;fehob;tdfoshob;0;;;
PARWAX;NETRANS;seliqfos;fedie;tdfosdie;0;fetraliquid;;
PARWAX;NONENUSE;seliqfos;fehoi;tdfoshoi;1;fenonliquid;;
PARWAX;NONENUSE;rep_seliq;rep_feho;rep_nonenergy;1;;;
PARWAX;ONONSPEC;seliqfos;fehob;tdfoshob;1;feothliquid;;
PARWAX;PIPELINE;seliqfos;fedie;tdfosdie;0;fetraliquid;;
PARWAX;RAIL;seliqfos;fedie;tdfosdie;1;fetraliquid;;
PARWAX;RESIDENT;seliqfos;fehob;tdfoshob;1;feresliquid;petrol;
PARWAX;ROAD;seliqfos;fepet;tdfospet;1;fetraliquid;;
PARWAX;TBLASTFUR;seliqfos;fehoi;tdfoshoi;-1;feindliquid;;
PARWAX;TCOKEOVS;seliqfos;fehoi;tdfoshoi;-1;feindliquid;;
PARWAX;TFC;peoil;seliqfos;refliq;1;;;
PARWAX;TGASWKS;seliqfos;fehoi;tdfoshoi;-1;feindliquid;;
PARWAX;TOTIND;seliqfos;fehoi;tdfoshoi;1;feindliquid;;
PARWAX;TRNONSPE;seliqfos;fedie;tdfosdie;1;fetraliquid;;
PATFUEL;AGRICULT;sesofos;fesoi;tdfossoi;1;feagrsolid;;
PATFUEL;COMMPUB;sesofos;fesob;tdfossob;1;fesercoal;coal;
PATFUEL;DISTLOSS;pecoal;sesofos;coaltr;-1;;;
PATFUEL;EBLASTFUR;sesofos;fesoi;tdfossoi;-1;feindsolid;;
PATFUEL;ECOKEOVS;sesofos;fesoi;tdfossoi;0;feindsolid;;
PATFUEL;ELAUTOC;pecoal;seel;coalchp;1;;;
PATFUEL;ELAUTOE;pecoal;seel;pc;1;;;
PATFUEL;ELMAINC;pecoal;seel;coalchp;1;;;
PATFUEL;ELMAINE;pecoal;seel;pc;1;;;
PATFUEL;FISHING;sesofos;fesoi;tdfossoi;1;feagrsolid;;
PATFUEL;HEAUTOC;pecoal;sehe;coalchp;1;;;
PATFUEL;HEAUTOH;pecoal;sehe;coalhp;1;;;
PATFUEL;HEMAINC;pecoal;sehe;coalchp;1;;;
PATFUEL;HEMAINH;pecoal;sehe;coalhp;1;;;
PATFUEL;NONENUSE;sesofos;fesoi;tdfossoi;1;fenonsolid;;
PATFUEL;NONENUSE;rep_seliq;rep_feho;rep_nonenergy;1;;;
PATFUEL;ONONSPEC;sesofos;fesob;tdfossob;1;feothsolid;;
PATFUEL;RAIL;sesofos;fesoi;tdfossoi;1;feindsolid;;
PATFUEL;RESIDENT;sesofos;fesob;tdfossob;1;ferescoal;coal;
PATFUEL;TBLASTFUR;sesofos;fesoi;tdfossoi;-1;feindsolid;;
PATFUEL;TBLASTFUR;pecoal;sesofos;coaltr;-1;;;
PATFUEL;TCOKEOVS;sesofos;fesoi;tdfossoi;0;feindsolid;;
PATFUEL;TFC;pecoal;sesofos;coaltr;1;;;
PATFUEL;TGASWKS;sesofos;fesoi;tdfossoi;0;feindsolid;;
PATFUEL;TOTIND;sesofos;fesoi;tdfossoi;1;feindsolid;;
PEAT;AGRICULT;sesofos;fesoi;tdfossoi;1;feagrsolid;;
PEAT;COMMPUB;sesofos;fesob;tdfossob;1;feserbio;coal;
PEAT;DISTLOSS;pecoal;sesofos;coaltr;-1;;;
PEAT;EBLASTFUR;sesofos;fesoi;tdfossoi;-1;feindsolid;;
PEAT;ECOKEOVS;sesofos;fesoi;tdfossoi;0;feindsolid;;
PEAT;ELAUTOC;pecoal;seel;coalchp;1;;;
PEAT;ELAUTOE;pecoal;seel;pc;1;;;
PEAT;ELMAINC;pecoal;seel;coalchp;1;;;
PEAT;ELMAINE;pecoal;seel;pc;1;;;
PEAT;FISHING;sesofos;fesoi;tdfossoi;1;feagrsolid;;
PEAT;HEAUTOC;pecoal;sehe;coalchp;1;;;
PEAT;HEAUTOH;pecoal;sehe;coalhp;1;;;
PEAT;HEMAINC;pecoal;sehe;coalchp;1;;;
PEAT;HEMAINH;pecoal;sehe;coalhp;1;;;
PEAT;NONENUSE;sesofos;fesoi;tdfossoi;1;fenonsolid;;
PEAT;NONENUSE;rep_seliq;rep_feho;rep_nonenergy;1;;;
PEAT;ONONSPEC;sesofos;fesob;tdfossob;1;feothsolid;;
PEAT;RAIL;sesofos;fesoi;tdfossoi;1;feindsolid;;
PEAT;RESIDENT;sesofos;fesob;tdfossob;1;ferescoal;coal;
PEAT;TBLASTFUR;sesofos;fesoi;tdfossoi;-1;feindsolid;;
PEAT;TBLASTFUR;pecoal;sesofos;coaltr;-1;;;
PEAT;TCOKEOVS;sesofos;fesoi;tdfossoi;0;feindsolid;;
PEAT;TFC;pecoal;sesofos;coaltr;1;;;
PEAT;TGASWKS;sesofos;fesoi;tdfossoi;0;feindsolid;;
PEAT;TOTIND;sesofos;fesoi;tdfossoi;1;feindsolid;;
PEATPROD;AGRICULT;sesofos;fesoi;tdfossoi;1;feagrsolid;;
PEATPROD;COMMPUB;sesofos;fesob;tdfossob;1;feserbio;coal;
PEATPROD;DISTLOSS;pecoal;sesofos;coaltr;-1;;;
PEATPROD;EBLASTFUR;sesofos;fesoi;tdfossoi;-1;feindsolid;;
PEATPROD;ECOKEOVS;sesofos;fesoi;tdfossoi;0;feindsolid;;
PEATPROD;ELAUTOC;pecoal;seel;coalchp;1;;;
PEATPROD;ELAUTOE;pecoal;seel;pc;1;;;
PEATPROD;ELMAINC;pecoal;seel;coalchp;1;;;
PEATPROD;ELMAINE;pecoal;seel;pc;1;;;
PEATPROD;FISHING;sesofos;fesoi;tdfossoi;1;feagrsolid;;
PEATPROD;HEAUTOC;pecoal;sehe;coalchp;1;;;
PEATPROD;HEAUTOH;pecoal;sehe;coalhp;1;;;
PEATPROD;HEMAINC;pecoal;sehe;coalchp;1;;;
PEATPROD;HEMAINH;pecoal;sehe;coalhp;1;;;
PEATPROD;NONENUSE;sesofos;fesoi;tdfossoi;1;fenonsolid;;
PEATPROD;NONENUSE;rep_seliq;rep_feho;rep_nonenergy;1;;;
PEATPROD;ONONSPEC;sesofos;fesob;tdfossob;1;feothsolid;;
PEATPROD;RAIL;sesofos;fesoi;tdfossoi;1;feindsolid;;
PEATPROD;RESIDENT;sesofos;fesob;tdfossob;1;ferescoal;coal;
PEATPROD;TBLASTFUR;sesofos;fesoi;tdfossoi;-1;feindsolid;;
PEATPROD;TCOKEOVS;sesofos;fesoi;tdfossoi;0;feindsolid;;
PEATPROD;TFC;pecoal;sesofos;coaltr;1;;;
PEATPROD;TGASWKS;sesofos;fesoi;tdfossoi;0;feindsolid;;
PEATPROD;TOTIND;sesofos;fesoi;tdfossoi;1;feindsolid;;
PETCOKE;AGRICULT;sesofos;fesoi;tdfossoi;1;feagrsolid;;
PETCOKE;AVBUNK;peoil;seliqfos;refliq;-1;;;
PETCOKE;AVBUNK;rep_seliq;rep_fedie;rep_bunkers;-1;;;
PETCOKE;COMMPUB;sesofos;fesob;tdfossob;1;fesercoal;coal;
PETCOKE;DISTLOSS;peoil;seliqfos;refliq;-1;;;
PETCOKE;EBLASTFUR;sesofos;fesoi;tdfossoi;-1;feindsolid;;
PETCOKE;ECOKEOVS;sesofos;fesoi;tdfossoi;0;feindsolid;;
PETCOKE;ELAUTOE;peoil;seel;dot;1;;;
PETCOKE;ELMAINE;peoil;seel;dot;1;;;
PETCOKE;FISHING;sesofos;fesoi;tdfossoi;1;feagrsolid;;
PETCOKE;MARBUNK;peoil;seliqfos;refliq;-1;;;
PETCOKE;MARBUNK;rep_seliq;rep_fedie;rep_bunkers;-1;;;
PETCOKE;NONENUSE;sesofos;fesoi;tdfossoi;1;fenonsolid;;
PETCOKE;NONENUSE;rep_seliq;rep_feho;rep_nonenergy;1;;;
PETCOKE;ONONSPEC;sesofos;fesob;tdfossob;1;feothsolid;;
PETCOKE;RAIL;sesofos;fesoi;tdfossoi;1;feindsolid;;
PETCOKE;RESIDENT;sesofos;fesob;tdfossob;1;ferescoal;coal;
PETCOKE;TBLASTFUR;sesofos;fesoi;tdfossoi;-1;feindsolid;;
PETCOKE;TCOKEOVS;sesofos;fesoi;tdfossoi;0;feindsolid;;
PETCOKE;TFC;peoil;seliqfos;refliq;1;;;
PETCOKE;TGASWKS;sesofos;fesoi;tdfossoi;0;feindsolid;;
PETCOKE;TOTIND;sesofos;fesoi;tdfossoi;1;feindsolid;;
PRIMSBIO;AGRICULT;sesobio;fesoi;tdbiosoi;1;feagrsolid;;
PRIMSBIO;COMMPUB;sesobio;fesob;tdbiosob;1;feserbio;biomod;
PRIMSBIO;DISTLOSS;pebiolc;sesobio;biotr;-1;;;
PRIMSBIO;EBLASTFUR;sesobio;fesoi;tdbiosoi;-1;feindsolid;;
PRIMSBIO;ECOKEOVS;sesobio;fesoi;tdbiosoi;0;feindsolid;;
PRIMSBIO;ELAUTOC;pebiolc;seel;biochp;1;;;
PRIMSBIO;ELAUTOE;pebiolc;seel;bioigcc;1;;;
PRIMSBIO;ELMAINC;pebiolc;seel;biochp;1;;;
PRIMSBIO;ELMAINE;pebiolc;seel;bioigcc;1;;;
PRIMSBIO;ENONSPEC;pebiolc;sesobio;biotr;-1;;;
PRIMSBIO;FISHING;sesobio;fesoi;tdbiosoi;1;feagrsolid;;
PRIMSBIO;HEAUTOC;pebiolc;sehe;biochp;1;;;
PRIMSBIO;HEAUTOH;pebiolc;sehe;biohp;1;;;
PRIMSBIO;HEMAINC;pebiolc;sehe;biochp;1;;;
PRIMSBIO;HEMAINH;pebiolc;sehe;biohp;1;;;
PRIMSBIO;NONENUSE;sesobio;fesoi;tdbiosoi;1;fenonsolid;;
PRIMSBIO;NONENUSE;rep_seliq;rep_feho;rep_nonenergy;1;;;
PRIMSBIO;ONONSPEC;sesobio;fesob;tdbiosob;1;feothsolid;;
PRIMSBIO;RAIL;sesobio;fesoi;tdbiosoi;1;feindsolid;;
PRIMSBIO;RESIDENT;sesobio;fesob;tdbiosob;1;feresbioshare;bioshare;
PRIMSBIO;TBLASTFUR;sesobio;fesoi;tdbiosoi;-1;feindsolid;;
PRIMSBIO;TCOKEOVS;sesobio;fesoi;tdbiosoi;0;feindsolid;;
PRIMSBIO;TFC;pebiolc;sesobio;biotr;1;;;
PRIMSBIO;TGASWKS;sesobio;fesoi;tdbiosoi;0;feindsolid;;
PRIMSBIO;TOTIND;sesobio;fesoi;tdbiosoi;1;feindsolid;;
REFFEEDS;AGRICULT;seliqfos;fehoi;tdfoshoi;1;feagrliquid;;
REFFEEDS;AVBUNK;seliqfos;fedie;tdfosdie;-1;fetraliquid;;
REFFEEDS;AVBUNK;peoil;seliqfos;refliq;-1;;;
REFFEEDS;AVBUNK;rep_seliq;rep_fedie;rep_bunkers;-1;;;
REFFEEDS;COMMPUB;seliqfos;fehob;tdfoshob;1;feserliquid;petrol;
REFFEEDS;DISTLOSS;peoil;seliqfos;refliq;-1;;;
REFFEEDS;DOMESAIR;seliqfos;fedie;tdfosdie;1;fetraliquid;;
REFFEEDS;DOMESNAV;seliqfos;fedie;tdfosdie;1;fetraliquid;;
REFFEEDS;EBLASTFUR;seliqfos;fehoi;tdfoshoi;-1;feindliquid;;
REFFEEDS;ECOKEOVS;seliqfos;fehoi;tdfoshoi;-1;feindliquid;;
REFFEEDS;ELAUTOE;peoil;seel;dot;1;;;
REFFEEDS;ELMAINE;peoil;seel;dot;1;;;
REFFEEDS;FISHING;seliqfos;fehoi;tdfoshoi;1;feagrliquid;;
REFFEEDS;MARBUNK;seliqfos;fedie;tdfosdie;-1;fetraliquid;;
REFFEEDS;MARBUNK;peoil;seliqfos;refliq;-1;;;
REFFEEDS;MARBUNK;rep_seliq;rep_fedie;rep_bunkers;-1;;;
REFFEEDS;NEINTREN;seliqfos;fehoi;tdfoshoi;0;;;
REFFEEDS;NEOTHER;seliqfos;fehob;tdfoshob;0;;;
REFFEEDS;NETRANS;seliqfos;fedie;tdfosdie;0;fetraliquid;;
REFFEEDS;NONENUSE;seliqfos;fehoi;tdfoshoi;1;fenonliquid;;
REFFEEDS;NONENUSE;rep_seliq;rep_feho;rep_nonenergy;1;;;
REFFEEDS;ONONSPEC;seliqfos;fehob;tdfoshob;1;feothliquid;;
REFFEEDS;PIPELINE;seliqfos;fedie;tdfosdie;0;fetraliquid;;
REFFEEDS;RAIL;seliqfos;fedie;tdfosdie;1;fetraliquid;;
REFFEEDS;RESIDENT;seliqfos;fehob;tdfoshob;1;feresliquid;petrol;
REFFEEDS;ROAD;seliqfos;fedie;tdfosdie;1;fetraliquid;;
REFFEEDS;TBLASTFUR;seliqfos;fehoi;tdfoshoi;-1;feindliquid;;
REFFEEDS;TCOKEOVS;seliqfos;fehoi;tdfoshoi;-1;feindliquid;;
REFFEEDS;TFC;peoil;seliqfos;refliq;1;;;
REFFEEDS;TGASWKS;seliqfos;fehoi;tdfoshoi;-1;feindliquid;;
REFFEEDS;TOTIND;seliqfos;fehoi;tdfoshoi;1;feindliquid;;
REFFEEDS;TRNONSPE;seliqfos;fedie;tdfosdie;1;fetraliquid;;
REFINGAS;AGRICULT;seliqfos;fehoi;tdfoshoi;1;feagrliquid;;
REFINGAS;AVBUNK;seliqfos;fedie;tdfosdie;-1;fetraliquid;;
REFINGAS;AVBUNK;peoil;seliqfos;refliq;-1;;;
REFINGAS;AVBUNK;rep_seliq;rep_fedie;rep_bunkers;-1;;;
REFINGAS;COMMPUB;seliqfos;fehob;tdfoshob;1;feserliquid;petrol;
REFINGAS;DISTLOSS;peoil;seliqfos;refliq;-1;;;
REFINGAS;DOMESAIR;seliqfos;fedie;tdfosdie;1;fetraliquid;;
REFINGAS;DOMESNAV;seliqfos;fedie;tdfosdie;1;fetraliquid;;
REFINGAS;EBLASTFUR;seliqfos;fehoi;tdfoshoi;-1;feindliquid;;
REFINGAS;ECOKEOVS;seliqfos;fehoi;tdfoshoi;-1;feindliquid;;
REFINGAS;ELAUTOE;peoil;seel;dot;1;;;
REFINGAS;ELMAINE;peoil;seel;dot;1;;;
REFINGAS;FISHING;seliqfos;fehoi;tdfoshoi;1;feagrliquid;;
REFINGAS;MARBUNK;seliqfos;fedie;tdfosdie;-1;fetraliquid;;
REFINGAS;MARBUNK;peoil;seliqfos;refliq;-1;;;
REFINGAS;MARBUNK;rep_seliq;rep_fedie;rep_bunkers;-1;;;
REFINGAS;NEINTREN;seliqfos;fehoi;tdfoshoi;0;;;
REFINGAS;NEOTHER;seliqfos;fehob;tdfoshob;0;;;
REFINGAS;NETRANS;seliqfos;fedie;tdfosdie;0;fetraliquid;;
REFINGAS;NONENUSE;seliqfos;fehoi;tdfoshoi;1;fenonliquid;;
REFINGAS;NONENUSE;rep_seliq;rep_feho;rep_nonenergy;1;;;
REFINGAS;ONONSPEC;seliqfos;fehob;tdfoshob;1;feothliquid;;
REFINGAS;PIPELINE;seliqfos;fedie;tdfosdie;0;fetraliquid;;
REFINGAS;RAIL;seliqfos;fedie;tdfosdie;1;fetraliquid;;
REFINGAS;RESIDENT;seliqfos;fehob;tdfoshob;1;feresliquid;petrol;
REFINGAS;ROAD;seliqfos;fedie;tdfosdie;1;fetraliquid;;
REFINGAS;TBLASTFUR;seliqfos;fehoi;tdfoshoi;-1;feindliquid;;
REFINGAS;TCOKEOVS;seliqfos;fehoi;tdfoshoi;-1;feindliquid;;
REFINGAS;TFC;peoil;seliqfos;refliq;1;;;
REFINGAS;TGASWKS;seliqfos;fehoi;tdfoshoi;-1;feindliquid;;
REFINGAS;TOTIND;seliqfos;fehoi;tdfoshoi;1;feindliquid;;
REFINGAS;TRNONSPE;seliqfos;fedie;tdfosdie;1;fetraliquid;;
RENEWNS;AGRICULT;sesobio;fesoi;tdbiosoi;1;feagrsolid;;
RENEWNS;COMMPUB;sesobio;fesob;tdbiosob;1;feserbio;biomod;
RENEWNS;DISTLOSS;pebiolc;sesobio;biotr;-1;;;
RENEWNS;EBLASTFUR;sesobio;fesoi;tdbiosoi;-1;feindsolid;;
RENEWNS;ECOKEOVS;sesobio;fesoi;tdbiosoi;0;feindsolid;;
RENEWNS;ENONSPEC;pebiolc;sesobio;biotr;-1;;;
RENEWNS;FISHING;sesobio;fesoi;tdbiosoi;1;feagrsolid;;
RENEWNS;NONENUSE;sesobio;fesoi;tdbiosoi;1;fenonsolid;;
RENEWNS;NONENUSE;rep_seliq;rep_feho;rep_nonenergy;1;;;
RENEWNS;ONONSPEC;sesobio;fesob;tdbiosob;1;feothsolid;;
RENEWNS;RAIL;sesobio;fesoi;tdbiosoi;1;feindsolid;;
RENEWNS;RESIDENT;sesobio;fesob;tdbiosob;1;feresbiomod;biomod;
RENEWNS;TBLASTFUR;sesobio;fesoi;tdbiosoi;-1;feindsolid;;
RENEWNS;TCOKEOVS;sesobio;fesoi;tdbiosoi;0;feindsolid;;
RENEWNS;TFC;pebiolc;sesobio;biotr;1;;;
RENEWNS;TGASWKS;sesobio;fesoi;tdbiosoi;0;feindsolid;;
RENEWNS;TOTIND;sesobio;fesoi;tdbiosoi;1;feindsolid;;
RESFUEL;AGRICULT;seliqfos;fehoi;tdfoshoi;1;feagrliquid;;
RESFUEL;AVBUNK;seliqfos;fedie;tdfosdie;-1;fetraliquid;;
RESFUEL;AVBUNK;peoil;seliqfos;refliq;-1;;;
RESFUEL;AVBUNK;rep_seliq;rep_fedie;rep_bunkers;-1;;;
RESFUEL;COMMPUB;seliqfos;fehob;tdfoshob;1;feserliquid;petrol;
RESFUEL;DISTLOSS;peoil;seliqfos;refliq;-1;;;
RESFUEL;DOMESAIR;seliqfos;fedie;tdfosdie;1;fetraliquid;;
RESFUEL;DOMESNAV;seliqfos;fedie;tdfosdie;1;fetraliquid;;
RESFUEL;EBLASTFUR;seliqfos;fehoi;tdfoshoi;-1;feindliquid;;
RESFUEL;ECOKEOVS;seliqfos;fehoi;tdfoshoi;-1;feindliquid;;
RESFUEL;ELAUTOE;peoil;seel;dot;1;;;
RESFUEL;ELMAINE;peoil;seel;dot;1;;;
RESFUEL;FISHING;seliqfos;fehoi;tdfoshoi;1;feagrliquid;;
RESFUEL;MARBUNK;seliqfos;fedie;tdfosdie;-1;fetraliquid;;
RESFUEL;MARBUNK;peoil;seliqfos;refliq;-1;;;
RESFUEL;MARBUNK;rep_seliq;rep_fedie;rep_bunkers;-1;;;
RESFUEL;NEINTREN;seliqfos;fehoi;tdfoshoi;0;;;
RESFUEL;NEOTHER;seliqfos;fehob;tdfoshob;0;;;
RESFUEL;NETRANS;seliqfos;fedie;tdfosdie;0;fetraliquid;;
RESFUEL;NONENUSE;seliqfos;fehoi;tdfoshoi;1;fenonliquid;;
RESFUEL;NONENUSE;rep_seliq;rep_feho;rep_nonenergy;1;;;
RESFUEL;ONONSPEC;seliqfos;fehob;tdfoshob;1;feothliquid;;
RESFUEL;PIPELINE;seliqfos;fedie;tdfosdie;0;fetraliquid;;
RESFUEL;RAIL;seliqfos;fedie;tdfosdie;1;fetraliquid;;
RESFUEL;RESIDENT;seliqfos;fehob;tdfoshob;1;feresliquid;petrol;
RESFUEL;ROAD;seliqfos;fedie;tdfosdie;1;fetraliquid;;
RESFUEL;TBLASTFUR;seliqfos;fehoi;tdfoshoi;-1;feindliquid;;
RESFUEL;TCOKEOVS;seliqfos;fehoi;tdfoshoi;-1;feindliquid;;
RESFUEL;TFC;peoil;seliqfos;refliq;1;;;
RESFUEL;TGASWKS;seliqfos;fehoi;tdfoshoi;-1;feindliquid;;
RESFUEL;TOTIND;seliqfos;fehoi;tdfoshoi;1;feindliquid;;
RESFUEL;TRNONSPE;seliqfos;fedie;tdfosdie;1;fetraliquid;;
SOLARPV;ELOUTPUT;pesol;seel;spv;1;;;
SUBCOAL;AGRICULT;sesofos;fesoi;tdfossoi;1;feagrsolid;;
SUBCOAL;COMMPUB;sesofos;fesob;tdfossob;1;fesercoal;coal;
SUBCOAL;DISTLOSS;pecoal;sesofos;coaltr;-1;;;
SUBCOAL;EBLASTFUR;sesofos;fesoi;tdfossoi;-1;feindsolid;;
SUBCOAL;ECOKEOVS;sesofos;fesoi;tdfossoi;0;feindsolid;;
SUBCOAL;ELAUTOC;pecoal;seel;coalchp;1;;;
SUBCOAL;ELAUTOE;pecoal;seel;pc;1;;;
SUBCOAL;ELMAINC;pecoal;seel;coalchp;1;;;
SUBCOAL;ELMAINE;pecoal;seel;pc;1;;;
SUBCOAL;FISHING;sesofos;fesoi;tdfossoi;1;feagrsolid;;
SUBCOAL;HEAUTOC;pecoal;sehe;coalchp;1;;;
SUBCOAL;HEAUTOH;pecoal;sehe;coalhp;1;;;
SUBCOAL;HEMAINC;pecoal;sehe;coalchp;1;;;
SUBCOAL;HEMAINH;pecoal;sehe;coalhp;1;;;
SUBCOAL;NONENUSE;sesofos;fesoi;tdfossoi;1;fenonsolid;;
SUBCOAL;NONENUSE;rep_seliq;rep_feho;rep_nonenergy;1;;;
SUBCOAL;ONONSPEC;sesofos;fesob;tdfossob;1;feothsolid;;
SUBCOAL;RAIL;sesofos;fesoi;tdfossoi;1;feindsolid;;
SUBCOAL;RESIDENT;sesofos;fesob;tdfossob;1;ferescoal;coal;
SUBCOAL;TBLASTFUR;sesofos;fesoi;tdfossoi;-1;feindsolid;;
SUBCOAL;TBLASTFUR;pecoal;sesofos;coaltr;-1;;;
SUBCOAL;TCOKEOVS;sesofos;fesoi;tdfossoi;0;feindsolid;;
SUBCOAL;TFC;pecoal;sesofos;coaltr;1;;;
SUBCOAL;TGASWKS;sesofos;fesoi;tdfossoi;0;feindsolid;;
SUBCOAL;TOTIND;sesofos;fesoi;tdfossoi;1;feindsolid;;
WHITESP;AGRICULT;seliqfos;fehoi;tdfoshoi;1;feagrliquid;;
WHITESP;AVBUNK;seliqfos;fedie;tdfosdie;-1;fetraliquid;;
WHITESP;AVBUNK;peoil;seliqfos;refliq;-1;;;
WHITESP;AVBUNK;rep_seliq;rep_fedie;rep_bunkers;-1;;;
WHITESP;COMMPUB;seliqfos;fehob;tdfoshob;1;feserliquid;petrol;
WHITESP;DISTLOSS;peoil;seliqfos;refliq;-1;;;
WHITESP;DOMESAIR;seliqfos;fedie;tdfosdie;1;fetraliquid;;
WHITESP;DOMESNAV;seliqfos;fedie;tdfosdie;1;fetraliquid;;
WHITESP;EBLASTFUR;seliqfos;fehoi;tdfoshoi;-1;feindliquid;;
WHITESP;ECOKEOVS;seliqfos;fehoi;tdfoshoi;-1;feindliquid;;
WHITESP;ELAUTOE;peoil;seel;dot;1;;;
WHITESP;ELMAINE;peoil;seel;dot;1;;;
WHITESP;FISHING;seliqfos;fehoi;tdfoshoi;1;feagrliquid;;
WHITESP;MARBUNK;seliqfos;fedie;tdfosdie;-1;fetraliquid;;
WHITESP;MARBUNK;peoil;seliqfos;refliq;-1;;;
WHITESP;MARBUNK;rep_seliq;rep_fedie;rep_bunkers;-1;;;
WHITESP;NEINTREN;seliqfos;fehoi;tdfoshoi;0;;;
WHITESP;NEOTHER;seliqfos;fehob;tdfoshob;0;;;
WHITESP;NETRANS;seliqfos;fedie;tdfosdie;0;fetraliquid;;
WHITESP;NONENUSE;seliqfos;fehoi;tdfoshoi;1;fenonliquid;;
WHITESP;NONENUSE;rep_seliq;rep_feho;rep_nonenergy;1;;;
WHITESP;ONONSPEC;seliqfos;fehob;tdfoshob;1;feothliquid;;
WHITESP;PIPELINE;seliqfos;fedie;tdfosdie;0;fetraliquid;;
WHITESP;RAIL;seliqfos;fedie;tdfosdie;1;fetraliquid;;
WHITESP;RESIDENT;seliqfos;fehob;tdfoshob;1;feresliquid;petrol;
WHITESP;ROAD;seliqfos;fepet;tdfospet;1;fetraliquid;;
WHITESP;TBLASTFUR;seliqfos;fehoi;tdfoshoi;-1;feindliquid;;
WHITESP;TCOKEOVS;seliqfos;fehoi;tdfoshoi;-1;feindliquid;;
WHITESP;TFC;peoil;seliqfos;refliq;1;;;
WHITESP;TGASWKS;seliqfos;fehoi;tdfoshoi;-1;feindliquid;;
WHITESP;TOTIND;seliqfos;fehoi;tdfoshoi;1;feindliquid;;
WHITESP;TRNONSPE;seliqfos;fedie;tdfosdie;1;fetraliquid;;
WIND;ELOUTPUT;pewin;seel;wind;1;;;
